id,name,strengthenTime,maxSophistication,icon,quality,type,showType,amountlimit,property,price,des,needLevel,needColdTime,power,agility,physique,spirit,hp,crit,block,toughness,insight,attack,fightDefense,qigondDefense,psycheDefense,critPro,blockPro,toughnessPro,insightPro,atkPro,fDefPro,qDefPro,pDefPro,addDamage,reduceDamage,
19001,黑暗气息,0,0,90,1,48,8,1,2,5000,无法凝聚的黑暗气息，没有任何作用,1,0,0,0,0,0,0,0,0,0,0,0,0,0,0,0,0,0,0,0,0,0,0,0,,0
19002,回天之气,0,0,90,2,30,8,1,2,5000,每级增加生命60点，同类元气装备惟一,1,0,0,0,0,0,60,0,0,0,0,0,0,0,0,0,0,0,0,0,0,0,0,0,,0
19003,回天之气,0,0,90,3,30,8,1,2,5000,每级增加生命90点，同类元气装备惟一,1,0,0,0,0,0,90,0,0,0,0,0,0,0,0,0,0,0,0,0,0,0,0,0,,0
19004,回天之气,0,0,90,4,30,8,1,2,5000,每级增加生命120点，同类元气装备惟一,1,0,0,0,0,0,120,0,0,0,0,0,0,0,0,0,0,0,0,0,0,0,0,0,,0
19005,回天之气,0,0,90,5,30,8,1,2,5000,每级增加生命150点，同类元气装备惟一,1,0,0,0,0,0,150,0,0,0,0,0,0,0,0,0,0,0,0,0,0,0,0,0,,0
19006,回天之气,0,0,90,6,30,8,1,2,5000,每级增加生命180点，同类元气装备惟一,1,0,0,0,0,0,180,0,0,0,0,0,0,0,0,0,0,0,0,0,0,0,0,0,,0
19007,夺魂之气,0,0,91,2,31,8,1,2,5000,每级增加力量6点，同类元气装备惟一,1,0,6,0,0,0,0,0,0,0,0,0,0,0,0,0,0,0,0,0,0,0,0,0,,0
19008,夺魂之气,0,0,91,3,31,8,1,2,5000,每级增加力量9点，同类元气装备惟一,1,0,9,0,0,0,0,0,0,0,0,0,0,0,0,0,0,0,0,0,0,0,0,0,,0
19009,夺魂之气,0,0,91,4,31,8,1,2,5000,每级增加力量12点，同类元气装备惟一,1,0,12,0,0,0,0,0,0,0,0,0,0,0,0,0,0,0,0,0,0,0,0,0,,0
19010,夺魂之气,0,0,91,5,31,8,1,2,5000,每级增加力量15点，同类元气装备惟一,1,0,15,0,0,0,0,0,0,0,0,0,0,0,0,0,0,0,0,0,0,0,0,0,,0
19011,夺魂之气,0,0,91,6,31,8,1,2,5000,每级增加力量18点，同类元气装备惟一,1,0,18,0,0,0,0,0,0,0,0,0,0,0,0,0,0,0,0,0,0,0,0,0,,0
19012,噬魂之气,0,0,92,2,33,8,1,2,5000,每级增加筋骨4点，同类元气装备惟一,1,0,0,4,0,0,0,0,0,0,0,0,0,0,0,0,0,0,0,0,0,0,0,0,,0
19013,噬魂之气,0,0,92,3,33,8,1,2,5000,每级增加筋骨6点，同类元气装备惟一,1,0,0,6,0,0,0,0,0,0,0,0,0,0,0,0,0,0,0,0,0,0,0,0,,0
19014,噬魂之气,0,0,92,4,33,8,1,2,5000,每级增加筋骨8点，同类元气装备惟一,1,0,0,8,0,0,0,0,0,0,0,0,0,0,0,0,0,0,0,0,0,0,0,0,,0
19015,噬魂之气,0,0,92,5,33,8,1,2,5000,每级增加筋骨10点，同类元气装备惟一,1,0,0,10,0,0,0,0,0,0,0,0,0,0,0,0,0,0,0,0,0,0,0,0,,0
19016,噬魂之气,0,0,92,6,33,8,1,2,5000,每级增加筋骨12点，同类元气装备惟一,1,0,0,12,0,0,0,0,0,0,0,0,0,0,0,0,0,0,0,0,0,0,0,0,,0
19017,疾风之气,0,0,93,2,34,8,1,2,5000,每级增加内劲4点，同类元气装备惟一,1,0,0,0,4,0,0,0,0,0,0,0,0,0,0,0,0,0,0,0,0,0,0,0,,0
19018,疾风之气,0,0,93,3,34,8,1,2,5000,每级增加内劲6点，同类元气装备惟一,1,0,0,0,6,0,0,0,0,0,0,0,0,0,0,0,0,0,0,0,0,0,0,0,,0
19019,疾风之气,0,0,93,4,34,8,1,2,5000,每级增加内劲8点，同类元气装备惟一,1,0,0,0,8,0,0,0,0,0,0,0,0,0,0,0,0,0,0,0,0,0,0,0,,0
19020,疾风之气,0,0,93,5,34,8,1,2,5000,每级增加内劲10点，同类元气装备惟一,1,0,0,0,10,0,0,0,0,0,0,0,0,0,0,0,0,0,0,0,0,0,0,0,,0
19021,疾风之气,0,0,93,6,34,8,1,2,5000,每级增加内劲12点，同类元气装备惟一,1,0,0,0,12,0,0,0,0,0,0,0,0,0,0,0,0,0,0,0,0,0,0,0,,0
19022,摄魄之气,0,0,94,2,32,8,1,2,5000,每级增加精神4点，同类元气装备惟一,1,0,0,0,0,4,0,0,0,0,0,0,0,0,0,0,0,0,0,0,0,0,0,0,,0
19023,摄魄之气,0,0,94,3,32,8,1,2,5000,每级增加精神6点，同类元气装备惟一,1,0,0,0,0,6,0,0,0,0,0,0,0,0,0,0,0,0,0,0,0,0,0,0,,0
19024,摄魄之气,0,0,94,4,32,8,1,2,5000,每级增加精神8点，同类元气装备惟一,1,0,0,0,0,8,0,0,0,0,0,0,0,0,0,0,0,0,0,0,0,0,0,0,,0
19025,摄魄之气,0,0,94,5,32,8,1,2,5000,每级增加精神10点，同类元气装备惟一,1,0,0,0,0,10,0,0,0,0,0,0,0,0,0,0,0,0,0,0,0,0,0,0,,0
19026,摄魄之气,0,0,94,6,32,8,1,2,5000,每级增加精神12点，同类元气装备惟一,1,0,0,0,0,12,0,0,0,0,0,0,0,0,0,0,0,0,0,0,0,0,0,0,,0
19027,破狱之气,0,0,95,2,35,8,1,2,5000,每级增加攻击力10点，同类元气装备惟一,1,0,0,0,0,0,0,0,0,0,0,10,0,0,0,0,0,0,0,0,0,0,0,0,,0
19028,破狱之气,0,0,95,3,35,8,1,2,5000,每级增加攻击力15点，同类元气装备惟一,1,0,0,0,0,0,0,0,0,0,0,15,0,0,0,0,0,0,0,0,0,0,0,0,,0
19029,破狱之气,0,0,95,4,35,8,1,2,5000,每级增加攻击力20点，同类元气装备惟一,1,0,0,0,0,0,0,0,0,0,0,20,0,0,0,0,0,0,0,0,0,0,0,0,,0
19030,破狱之气,0,0,95,5,35,8,1,2,5000,每级增加攻击力25点，同类元气装备惟一,1,0,0,0,0,0,0,0,0,0,0,25,0,0,0,0,0,0,0,0,0,0,0,0,,0
19031,破狱之气,0,0,95,6,35,8,1,2,5000,每级增加攻击力30点，同类元气装备惟一,1,0,0,0,0,0,0,0,0,0,0,30,0,0,0,0,0,0,0,0,0,0,0,0,,0
19032,魔魂之气,0,0,96,2,36,8,1,2,5000,每级增加格斗防御6点，同类元气装备惟一,1,0,0,0,0,0,0,0,0,0,0,0,6,0,0,0,0,0,0,0,0,0,0,0,,0
19033,魔魂之气,0,0,96,3,36,8,1,2,5000,每级增加格斗防御9点，同类元气装备惟一,1,0,0,0,0,0,0,0,0,0,0,0,9,0,0,0,0,0,0,0,0,0,0,0,,0
19034,魔魂之气,0,0,96,4,36,8,1,2,5000,每级增加格斗防御12点，同类元气装备惟一,1,0,0,0,0,0,0,0,0,0,0,0,12,0,0,0,0,0,0,0,0,0,0,0,,0
19035,魔魂之气,0,0,96,5,36,8,1,2,5000,每级增加格斗防御15点，同类元气装备惟一,1,0,0,0,0,0,0,0,0,0,0,0,15,0,0,0,0,0,0,0,0,0,0,0,,0
19036,魔魂之气,0,0,96,6,36,8,1,2,5000,每级增加格斗防御18点，同类元气装备惟一,1,0,0,0,0,0,0,0,0,0,0,0,18,0,0,0,0,0,0,0,0,0,0,0,,0
19037,守护之气,0,0,97,2,37,8,1,2,5000,每级增加气功防御6点，同类元气装备惟一,1,0,0,0,0,0,0,0,0,0,0,0,0,6,0,0,0,0,0,0,0,0,0,0,,0
19038,守护之气,0,0,97,3,37,8,1,2,5000,每级增加气功防御9点，同类元气装备惟一,1,0,0,0,0,0,0,0,0,0,0,0,0,9,0,0,0,0,0,0,0,0,0,0,,0
19039,守护之气,0,0,97,4,37,8,1,2,5000,每级增加气功防御12点，同类元气装备惟一,1,0,0,0,0,0,0,0,0,0,0,0,0,12,0,0,0,0,0,0,0,0,0,0,,0
19040,守护之气,0,0,97,5,37,8,1,2,5000,每级增加气功防御15点，同类元气装备惟一,1,0,0,0,0,0,0,0,0,0,0,0,0,15,0,0,0,0,0,0,0,0,0,0,,0
19041,守护之气,0,0,97,6,37,8,1,2,5000,每级增加气功防御18点，同类元气装备惟一,1,0,0,0,0,0,0,0,0,0,0,0,0,18,0,0,0,0,0,0,0,0,0,0,,0
19042,戒护之气,0,0,98,2,38,8,1,2,5000,每级增加精神防御6点，同类元气装备惟一,1,0,0,0,0,0,0,0,0,0,0,0,0,0,6,0,0,0,0,0,0,0,0,0,,0
19043,戒护之气,0,0,98,3,38,8,1,2,5000,每级增加精神防御9点，同类元气装备惟一,1,0,0,0,0,0,0,0,0,0,0,0,0,0,9,0,0,0,0,0,0,0,0,0,,0
19044,戒护之气,0,0,98,4,38,8,1,2,5000,每级增加精神防御12点，同类元气装备惟一,1,0,0,0,0,0,0,0,0,0,0,0,0,0,12,0,0,0,0,0,0,0,0,0,,0
19045,戒护之气,0,0,98,5,38,8,1,2,5000,每级增加精神防御15点，同类元气装备惟一,1,0,0,0,0,0,0,0,0,0,0,0,0,0,15,0,0,0,0,0,0,0,0,0,,0
19046,戒护之气,0,0,98,6,38,8,1,2,5000,每级增加精神防御18点，同类元气装备惟一,1,0,0,0,0,0,0,0,0,0,0,0,0,0,18,0,0,0,0,0,0,0,0,0,,0
19047,会心之气,0,0,99,2,39,8,1,2,5000,每级增加暴击3点，同类元气装备惟一,1,0,0,0,0,0,0,3,0,0,0,0,0,0,0,0,0,0,0,0,0,0,0,0,,0
19048,会心之气,0,0,99,3,39,8,1,2,5000,每级增加暴击4点，同类元气装备惟一,1,0,0,0,0,0,0,4,0,0,0,0,0,0,0,0,0,0,0,0,0,0,0,0,,0
19049,会心之气,0,0,99,4,39,8,1,2,5000,每级增加暴击6点，同类元气装备惟一,1,0,0,0,0,0,0,6,0,0,0,0,0,0,0,0,0,0,0,0,0,0,0,0,,0
19050,会心之气,0,0,99,5,39,8,1,2,5000,每级增加暴击7点，同类元气装备惟一,1,0,0,0,0,0,0,7,0,0,0,0,0,0,0,0,0,0,0,0,0,0,0,0,,0
19051,格挡之气,0,0,100,6,40,8,1,2,5000,每级增加格挡3点，同类元气装备惟一,1,0,0,0,0,0,0,0,3,0,0,0,0,0,0,0,0,0,0,0,0,0,0,0,,0
19052,格挡之气,0,0,100,2,40,8,1,2,5000,每级增加格挡4点，同类元气装备惟一,1,0,0,0,0,0,0,0,4,0,0,0,0,0,0,0,0,0,0,0,0,0,0,0,,0
19053,格挡之气,0,0,100,3,40,8,1,2,5000,每级增加格挡6点，同类元气装备惟一,1,0,0,0,0,0,0,0,6,0,0,0,0,0,0,0,0,0,0,0,0,0,0,0,,0
19054,格挡之气,0,0,100,4,40,8,1,2,5000,每级增加格挡7点，同类元气装备惟一,1,0,0,0,0,0,0,0,7,0,0,0,0,0,0,0,0,0,0,0,0,0,0,0,,0
19055,韧性之气,0,0,101,5,41,8,1,2,5000,每级增加韧性3点，同类元气装备惟一,1,0,0,0,0,0,0,0,0,3,0,0,0,0,0,0,0,0,0,0,0,0,0,0,,0
19056,韧性之气,0,0,101,6,41,8,1,2,5000,每级增加韧性4点，同类元气装备惟一,1,0,0,0,0,0,0,0,0,4,0,0,0,0,0,0,0,0,0,0,0,0,0,0,,0
19057,韧性之气,0,0,101,2,41,8,1,2,5000,每级增加韧性6点，同类元气装备惟一,1,0,0,0,0,0,0,0,0,6,0,0,0,0,0,0,0,0,0,0,0,0,0,0,,0
19058,韧性之气,0,0,101,3,41,8,1,2,5000,每级增加韧性7点，同类元气装备惟一,1,0,0,0,0,0,0,0,0,7,0,0,0,0,0,0,0,0,0,0,0,0,0,0,,0
19059,识破之气,0,0,102,4,42,8,1,2,5000,每级增加识破3点，同类元气装备惟一,1,0,0,0,0,0,0,0,0,0,3,0,0,0,0,0,0,0,0,0,0,0,0,0,,0
19060,识破之气,0,0,102,5,42,8,1,2,5000,每级增加识破4点，同类元气装备惟一,1,0,0,0,0,0,0,0,0,0,4,0,0,0,0,0,0,0,0,0,0,0,0,0,,0
19061,识破之气,0,0,102,6,42,8,1,2,5000,每级增加识破6点，同类元气装备惟一,1,0,0,0,0,0,0,0,0,0,6,0,0,0,0,0,0,0,0,0,0,0,0,0,,0
19062,识破之气,0,0,102,2,42,8,1,2,5000,每级增加识破7点，同类元气装备惟一,1,0,0,0,0,0,0,0,0,0,7,0,0,0,0,0,0,0,0,0,0,0,0,0,,0
19063,天惩之气,0,0,103,3,44,8,1,2,5000,每级增加攻击力1%，同类元气装备惟一,1,0,0,0,0,0,0,0,0,0,0,0,0,0,0,0,0,0,0,1,0,0,0,0,,0
19064,凋零之气,0,0,104,4,45,8,1,2,5000,每级增加格斗防御1%，同类元气装备惟一,1,0,0,0,0,0,0,0,0,0,0,0,0,0,0,0,0,0,0,0,1,0,0,0,,0
19065,黑曜之气,0,0,105,5,46,8,1,2,5000,每级增加气功防御1%，同类元气装备惟一,1,0,0,0,0,0,0,0,0,0,0,0,0,0,0,0,0,0,0,0,0,1,0,0,,0
19066,羽化之气,0,0,106,6,47,8,1,2,5000,每级增加精神防御1%，同类元气装备惟一,1,0,0,0,0,0,0,0,0,0,0,0,0,0,0,0,0,0,0,0,0,0,1,0,,0
22001,测试装备1级,20,1000,1,6,1,1,1,2,100,测试装备1级,1,0,32,20,19,18,320,23,23,23,23,51,31,30,29,0,0,0,0,0,0,0,0,0,,0
22002,测试装备2级,20,1000,1,6,1,1,1,2,100,测试装备2级,2,0,37,23,22,21,370,26,26,26,26,59,36,35,34,0,0,0,0,0,0,0,0,0,,0
22003,测试装备3级,20,1000,1,6,1,1,1,2,100,测试装备3级,3,0,43,27,26,25,435,31,31,31,31,69,42,41,40,0,0,0,0,0,0,0,0,0,,0
22004,测试装备4级,20,1000,1,6,1,1,1,2,100,测试装备4级,4,0,50,31,30,29,505,36,36,36,36,80,49,48,47,0,0,0,0,0,0,0,0,0,,0
22005,测试装备5级,20,1000,1,6,1,1,1,2,100,测试装备5级,5,0,59,36,35,34,590,42,42,42,42,94,57,56,55,0,0,0,0,0,0,0,0,0,,0
22006,测试装备6级,20,1000,1,6,1,1,1,2,100,测试装备6级,6,0,69,42,41,40,690,49,49,49,49,110,67,66,65,0,0,0,0,0,0,0,0,0,,0
22007,测试装备7级,20,1000,1,6,1,1,1,2,100,测试装备7级,7,0,80,49,48,47,805,57,57,57,57,128,78,77,76,0,0,0,0,0,0,0,0,0,,0
22008,测试装备8级,20,1000,1,6,1,1,1,2,100,测试装备8级,8,0,94,57,56,55,940,67,67,67,67,150,91,90,89,0,0,0,0,0,0,0,0,0,,0
22009,测试装备9级,20,1000,1,6,1,1,1,2,100,测试装备9级,9,0,110,67,66,65,1100,79,79,79,79,176,106,105,104,0,0,0,0,0,0,0,0,0,,0
22010,测试装备10级,20,1000,1,6,1,1,1,2,100,测试装备10级,10,0,128,77,76,75,1280,92,92,92,92,204,123,122,121,0,0,0,0,0,0,0,0,0,,0
22011,测试装备11级,20,1000,1,6,1,1,1,2,100,测试装备11级,11,0,141,85,84,83,1410,101,101,101,101,225,136,135,134,0,0,0,0,0,0,0,0,0,,0
22012,测试装备12级,20,1000,1,6,1,1,1,2,100,测试装备12级,12,0,155,94,93,92,1555,111,111,111,111,248,150,149,148,0,0,0,0,0,0,0,0,0,,0
22013,测试装备13级,20,1000,1,6,1,1,1,2,100,测试装备13级,13,0,171,103,102,101,1710,123,123,123,123,273,165,164,163,0,0,0,0,0,0,0,0,0,,0
22014,测试装备14级,20,1000,1,6,1,1,1,2,100,测试装备14级,14,0,188,114,113,112,1885,135,135,135,135,301,181,180,179,0,0,0,0,0,0,0,0,0,,0
22015,测试装备15级,20,1000,1,6,1,1,1,2,100,测试装备15级,15,0,207,125,124,123,2075,149,149,149,149,332,200,199,198,0,0,0,0,0,0,0,0,0,,0
22016,测试装备16级,20,1000,1,6,1,1,1,2,100,测试装备16级,16,0,228,138,137,136,2285,164,164,164,164,365,220,219,218,0,0,0,0,0,0,0,0,0,,0
22017,测试装备17级,20,1000,1,6,1,1,1,2,100,测试装备17级,17,0,251,151,150,149,2515,181,181,181,181,402,242,241,240,0,0,0,0,0,0,0,0,0,,0
22018,测试装备18级,20,1000,1,6,1,1,1,2,100,测试装备18级,18,0,277,167,166,165,2770,199,199,199,199,443,266,265,264,0,0,0,0,0,0,0,0,0,,0
22019,测试装备19级,20,1000,1,6,1,1,1,2,100,测试装备19级,19,0,305,184,183,182,3050,219,219,219,219,488,293,292,291,0,0,0,0,0,0,0,0,0,,0
22020,测试装备20级,20,1000,1,6,1,1,1,2,100,测试装备20级,20,0,336,202,201,200,3360,241,241,241,241,537,323,322,321,0,0,0,0,0,0,0,0,0,,0
22021,测试装备21级,20,1000,1,6,1,1,1,2,100,测试装备21级,21,0,360,217,216,215,3600,259,259,259,259,576,346,345,344,0,0,0,0,0,0,0,0,0,,0
22022,测试装备22级,20,1000,1,6,1,1,1,2,100,测试装备22级,22,0,386,232,231,230,3860,277,277,277,277,617,371,370,369,0,0,0,0,0,0,0,0,0,,0
22023,测试装备23级,20,1000,1,6,1,1,1,2,100,测试装备23级,23,0,414,249,248,247,4140,298,298,298,298,662,398,397,396,0,0,0,0,0,0,0,0,0,,0
22024,测试装备24级,20,1000,1,6,1,1,1,2,100,测试装备24级,24,0,444,267,266,265,4440,319,319,319,319,710,427,426,425,0,0,0,0,0,0,0,0,0,,0
22025,测试装备25级,20,1000,1,6,1,1,1,2,100,测试装备25级,25,0,476,286,285,284,4760,342,342,342,342,761,457,456,455,0,0,0,0,0,0,0,0,0,,0
22026,测试装备26级,20,1000,1,6,1,1,1,2,100,测试装备26级,26,0,510,307,306,305,5100,367,367,367,367,816,490,489,488,0,0,0,0,0,0,0,0,0,,0
22027,测试装备27级,20,1000,1,6,1,1,1,2,100,测试装备27级,27,0,547,329,328,327,5470,393,393,393,393,875,526,525,524,0,0,0,0,0,0,0,0,0,,0
22028,测试装备28级,20,1000,1,6,1,1,1,2,100,测试装备28级,28,0,586,352,351,350,5860,421,421,421,421,937,563,562,561,0,0,0,0,0,0,0,0,0,,0
22029,测试装备29级,20,1000,1,6,1,1,1,2,100,测试装备29级,29,0,628,378,377,376,6285,452,452,452,452,1005,604,603,602,0,0,0,0,0,0,0,0,0,,0
22030,测试装备30级,20,1000,1,6,1,1,1,2,100,测试装备30级,30,0,673,405,404,403,6735,484,484,484,484,1077,647,646,645,0,0,0,0,0,0,0,0,0,,0
22031,测试装备31级,20,1000,1,6,1,1,1,2,100,测试装备31级,31,0,711,427,426,425,7110,511,511,511,511,1137,683,682,681,0,0,0,0,0,0,0,0,0,,0
22032,测试装备32级,20,1000,1,6,1,1,1,2,100,测试装备32级,32,0,750,451,450,449,7505,540,540,540,540,1200,721,720,719,0,0,0,0,0,0,0,0,0,,0
22033,测试装备33级,20,1000,1,6,1,1,1,2,100,测试装备33级,33,0,792,476,475,474,7920,570,570,570,570,1267,761,760,759,0,0,0,0,0,0,0,0,0,,0
22034,测试装备34级,20,1000,1,6,1,1,1,2,100,测试装备34级,34,0,836,502,501,500,8360,601,601,601,601,1337,803,802,801,0,0,0,0,0,0,0,0,0,,0
22035,测试装备35级,20,1000,1,6,1,1,1,2,100,测试装备35级,35,0,882,530,529,528,8820,635,635,635,635,1411,847,846,845,0,0,0,0,0,0,0,0,0,,0
22036,测试装备36级,20,1000,1,6,1,1,1,2,100,测试装备36级,36,0,931,559,558,557,9310,670,670,670,670,1489,894,893,892,0,0,0,0,0,0,0,0,0,,0
22037,测试装备37级,20,1000,1,6,1,1,1,2,100,测试装备37级,37,0,982,590,589,588,9825,707,707,707,707,1572,944,943,942,0,0,0,0,0,0,0,0,0,,0
22038,测试装备38级,20,1000,1,6,1,1,1,2,100,测试装备38级,38,0,1037,623,622,621,10370,746,746,746,746,1659,996,995,994,0,0,0,0,0,0,0,0,0,,0
22039,测试装备39级,20,1000,1,6,1,1,1,2,100,测试装备39级,39,0,1094,657,656,655,10945,788,788,788,788,1751,1051,1050,1049,0,0,0,0,0,0,0,0,0,,0
22040,测试装备40级,20,1000,1,6,1,1,1,2,100,测试装备40级,40,0,1155,694,693,692,11555,831,831,831,831,1848,1110,1109,1108,0,0,0,0,0,0,0,0,0,,0
22041,测试装备41级,20,1000,1,6,1,1,1,2,100,测试装备41级,41,0,1207,725,724,723,12075,869,869,869,869,1932,1160,1159,1158,0,0,0,0,0,0,0,0,0,,0
22042,测试装备42级,20,1000,1,6,1,1,1,2,100,测试装备42级,42,0,1262,758,757,756,12620,908,908,908,908,2019,1212,1211,1210,0,0,0,0,0,0,0,0,0,,0
22043,测试装备43级,20,1000,1,6,1,1,1,2,100,测试装备43级,43,0,1319,792,791,790,13190,949,949,949,949,2110,1267,1266,1265,0,0,0,0,0,0,0,0,0,,0
22044,测试装备44级,20,1000,1,6,1,1,1,2,100,测试装备44级,44,0,1379,828,827,826,13790,992,992,992,992,2206,1324,1323,1322,0,0,0,0,0,0,0,0,0,,0
22045,测试装备45级,20,1000,1,6,1,1,1,2,100,测试装备45级,45,0,1441,865,864,863,14410,1037,1037,1037,1037,2305,1384,1383,1382,0,0,0,0,0,0,0,0,0,,0
22046,测试装备46级,20,1000,1,6,1,1,1,2,100,测试装备46级,46,0,1506,904,903,902,15065,1084,1084,1084,1084,2410,1447,1446,1445,0,0,0,0,0,0,0,0,0,,0
22047,测试装备47级,20,1000,1,6,1,1,1,2,100,测试装备47级,47,0,1574,945,944,943,15745,1133,1133,1133,1133,2519,1512,1511,1510,0,0,0,0,0,0,0,0,0,,0
22048,测试装备48级,20,1000,1,6,1,1,1,2,100,测试装备48级,48,0,1645,988,987,986,16455,1184,1184,1184,1184,2632,1580,1579,1578,0,0,0,0,0,0,0,0,0,,0
22049,测试装备49级,20,1000,1,6,1,1,1,2,100,测试装备49级,49,0,1720,1033,1032,1031,17200,1238,1238,1238,1238,2752,1652,1651,1650,0,0,0,0,0,0,0,0,0,,0
22050,测试装备50级,20,1000,1,6,1,1,1,2,100,测试装备50级,50,0,1797,1079,1078,1077,17975,1294,1294,1294,1294,2876,1726,1725,1724,0,0,0,0,0,0,0,0,0,,0
22051,测试装备51级,20,1000,1,6,1,1,1,2,100,测试装备51级,51,0,1866,1120,1119,1118,18665,1343,1343,1343,1343,2986,1792,1791,1790,0,0,0,0,0,0,0,0,0,,0
22052,测试装备52级,20,1000,1,6,1,1,1,2,100,测试装备52级,52,0,1937,1163,1162,1161,19375,1395,1395,1395,1395,3100,1861,1860,1859,0,0,0,0,0,0,0,0,0,,0
22053,测试装备53级,20,1000,1,6,1,1,1,2,100,测试装备53级,53,0,2011,1207,1206,1205,20115,1448,1448,1448,1448,3218,1932,1931,1930,0,0,0,0,0,0,0,0,0,,0
22054,测试装备54级,20,1000,1,6,1,1,1,2,100,测试装备54级,54,0,2088,1254,1253,1252,20885,1503,1503,1503,1503,3341,2005,2004,2003,0,0,0,0,0,0,0,0,0,,0
22055,测试装备55级,20,1000,1,6,1,1,1,2,100,测试装备55级,55,0,2168,1302,1301,1300,21685,1561,1561,1561,1561,3469,2082,2081,2080,0,0,0,0,0,0,0,0,0,,0
22056,测试装备56级,20,1000,1,6,1,1,1,2,100,测试装备56级,56,0,2251,1351,1350,1349,22510,1620,1620,1620,1620,3601,2161,2160,2159,0,0,0,0,0,0,0,0,0,,0
22057,测试装备57级,20,1000,1,6,1,1,1,2,100,测试装备57级,57,0,2337,1403,1402,1401,23370,1682,1682,1682,1682,3739,2244,2243,2242,0,0,0,0,0,0,0,0,0,,0
22058,测试装备58级,20,1000,1,6,1,1,1,2,100,测试装备58级,58,0,2426,1456,1455,1454,24265,1747,1747,1747,1747,3882,2330,2329,2328,0,0,0,0,0,0,0,0,0,,0
22059,测试装备59级,20,1000,1,6,1,1,1,2,100,测试装备59级,59,0,2519,1512,1511,1510,25190,1813,1813,1813,1813,4030,2419,2418,2417,0,0,0,0,0,0,0,0,0,,0
22060,测试装备60级,20,1000,1,6,1,1,1,2,100,测试装备60级,60,0,2615,1570,1569,1568,26155,1883,1883,1883,1883,4184,2511,2510,2509,0,0,0,0,0,0,0,0,0,,0
22061,测试装备61级,20,1000,1,6,1,1,1,2,100,测试装备61级,61,0,2702,1622,1621,1620,27025,1945,1945,1945,1945,4324,2595,2594,2593,0,0,0,0,0,0,0,0,0,,0
22062,测试装备62级,20,1000,1,6,1,1,1,2,100,测试装备62级,62,0,2792,1676,1675,1674,27920,2010,2010,2010,2010,4467,2681,2680,2679,0,0,0,0,0,0,0,0,0,,0
22063,测试装备63级,20,1000,1,6,1,1,1,2,100,测试装备63级,63,0,2884,1731,1730,1729,28845,2076,2076,2076,2076,4615,2770,2769,2768,0,0,0,0,0,0,0,0,0,,0
22064,测试装备64级,20,1000,1,6,1,1,1,2,100,测试装备64级,64,0,2980,1789,1788,1787,29805,2145,2145,2145,2145,4768,2862,2861,2860,0,0,0,0,0,0,0,0,0,,0
22065,测试装备65级,20,1000,1,6,1,1,1,2,100,测试装备65级,65,0,3079,1848,1847,1846,30795,2217,2217,2217,2217,4927,2957,2956,2955,0,0,0,0,0,0,0,0,0,,0
22066,测试装备66级,20,1000,1,6,1,1,1,2,100,测试装备66级,66,0,3181,1909,1908,1907,31815,2290,2290,2290,2290,5090,3055,3054,3053,0,0,0,0,0,0,0,0,0,,0
22067,测试装备67级,20,1000,1,6,1,1,1,2,100,测试装备67级,67,0,3287,1973,1972,1971,32875,2367,2367,2367,2367,5260,3157,3156,3155,0,0,0,0,0,0,0,0,0,,0
22068,测试装备68级,20,1000,1,6,1,1,1,2,100,测试装备68级,68,0,3396,2038,2037,2036,33965,2445,2445,2445,2445,5434,3261,3260,3259,0,0,0,0,0,0,0,0,0,,0
22069,测试装备69级,20,1000,1,6,1,1,1,2,100,测试装备69级,69,0,3509,2106,2105,2104,35090,2526,2526,2526,2526,5614,3369,3368,3367,0,0,0,0,0,0,0,0,0,,0
22070,测试装备70级,20,1000,1,6,1,1,1,2,100,测试装备70级,70,0,3626,2176,2175,2174,36260,2610,2610,2610,2610,5801,3481,3480,3479,0,0,0,0,0,0,0,0,0,,0
22071,测试装备71级,20,1000,1,6,1,1,1,2,100,测试装备71级,71,0,3732,2240,2239,2238,37325,2687,2687,2687,2687,5972,3584,3583,3582,0,0,0,0,0,0,0,0,0,,0
22072,测试装备72级,20,1000,1,6,1,1,1,2,100,测试装备72级,72,0,3842,2306,2305,2304,38420,2766,2766,2766,2766,6147,3689,3688,3687,0,0,0,0,0,0,0,0,0,,0
22073,测试装备73级,20,1000,1,6,1,1,1,2,100,测试装备73级,73,0,3955,2374,2373,2372,39550,2847,2847,2847,2847,6328,3797,3796,3795,0,0,0,0,0,0,0,0,0,,0
22074,测试装备74级,20,1000,1,6,1,1,1,2,100,测试装备74级,74,0,4071,2443,2442,2441,40715,2931,2931,2931,2931,6514,3909,3908,3907,0,0,0,0,0,0,0,0,0,,0
22075,测试装备75级,20,1000,1,6,1,1,1,2,100,测试装备75级,75,0,4191,2515,2514,2513,41910,3017,3017,3017,3017,6705,4024,4023,4022,0,0,0,0,0,0,0,0,0,,0
22076,测试装备76级,20,1000,1,6,1,1,1,2,100,测试装备76级,76,0,4314,2589,2588,2587,43145,3106,3106,3106,3106,6903,4142,4141,4140,0,0,0,0,0,0,0,0,0,,0
22077,测试装备77级,20,1000,1,6,1,1,1,2,100,测试装备77级,77,0,4441,2665,2664,2663,44410,3197,3197,3197,3197,7105,4264,4263,4262,0,0,0,0,0,0,0,0,0,,0
22078,测试装备78级,20,1000,1,6,1,1,1,2,100,测试装备78级,78,0,4571,2743,2742,2741,45715,3291,3291,3291,3291,7314,4389,4388,4387,0,0,0,0,0,0,0,0,0,,0
22079,测试装备79级,20,1000,1,6,1,1,1,2,100,测试装备79级,79,0,4706,2824,2823,2822,47060,3388,3388,3388,3388,7529,4518,4517,4516,0,0,0,0,0,0,0,0,0,,0
22080,测试装备80级,20,1000,1,6,1,1,1,2,100,测试装备80级,80,0,4844,2907,2906,2905,48445,3488,3488,3488,3488,7751,4651,4650,4649,0,0,0,0,0,0,0,0,0,,0
22081,测试装备81级,20,1000,1,6,1,1,1,2,100,测试装备81级,81,0,4972,2984,2983,2982,49725,3580,3580,3580,3580,7956,4774,4773,4772,0,0,0,0,0,0,0,0,0,,0
22082,测试装备82级,20,1000,1,6,1,1,1,2,100,测试装备82级,82,0,5103,3063,3062,3061,51035,3674,3674,3674,3674,8165,4900,4899,4898,0,0,0,0,0,0,0,0,0,,0
22083,测试装备83级,20,1000,1,6,1,1,1,2,100,测试装备83级,83,0,5238,3144,3143,3142,52385,3771,3771,3771,3771,8381,5029,5028,5027,0,0,0,0,0,0,0,0,0,,0
22084,测试装备84级,20,1000,1,6,1,1,1,2,100,测试装备84级,84,0,5376,3226,3225,3224,53765,3871,3871,3871,3871,8602,5162,5161,5160,0,0,0,0,0,0,0,0,0,,0
22085,测试装备85级,20,1000,1,6,1,1,1,2,100,测试装备85级,85,0,5518,3312,3311,3310,55185,3973,3973,3973,3973,8829,5298,5297,5296,0,0,0,0,0,0,0,0,0,,0
22086,测试装备86级,20,1000,1,6,1,1,1,2,100,测试装备86级,86,0,5664,3399,3398,3397,56645,4078,4078,4078,4078,9063,5438,5437,5436,0,0,0,0,0,0,0,0,0,,0
22087,测试装备87级,20,1000,1,6,1,1,1,2,100,测试装备87级,87,0,5814,3489,3488,3487,58140,4186,4186,4186,4186,9302,5582,5581,5580,0,0,0,0,0,0,0,0,0,,0
22088,测试装备88级,20,1000,1,6,1,1,1,2,100,测试装备88级,88,0,5967,3581,3580,3579,59675,4296,4296,4296,4296,9548,5729,5728,5727,0,0,0,0,0,0,0,0,0,,0
22089,测试装备89级,20,1000,1,6,1,1,1,2,100,测试装备89级,89,0,6125,3676,3675,3674,61250,4410,4410,4410,4410,9800,5881,5880,5879,0,0,0,0,0,0,0,0,0,,0
22090,测试装备90级,20,1000,1,6,1,1,1,2,100,测试装备90级,90,0,6286,3772,3771,3770,62865,4526,4526,4526,4526,10058,6036,6035,6034,0,0,0,0,0,0,0,0,0,,0
22091,测试装备91级,20,1000,1,6,1,1,1,2,100,测试装备91级,91,0,6437,3863,3862,3861,64375,4635,4635,4635,4635,10300,6181,6180,6179,0,0,0,0,0,0,0,0,0,,0
22092,测试装备92级,20,1000,1,6,1,1,1,2,100,测试装备92级,92,0,6592,3956,3955,3954,65920,4746,4746,4746,4746,10547,6329,6328,6327,0,0,0,0,0,0,0,0,0,,0
22093,测试装备93级,20,1000,1,6,1,1,1,2,100,测试装备93级,93,0,6750,4051,4050,4049,67500,4860,4860,4860,4860,10800,6481,6480,6479,0,0,0,0,0,0,0,0,0,,0
22094,测试装备94级,20,1000,1,6,1,1,1,2,100,测试装备94级,94,0,6912,4148,4147,4146,69125,4977,4977,4977,4977,11060,6637,6636,6635,0,0,0,0,0,0,0,0,0,,0
22095,测试装备95级,20,1000,1,6,1,1,1,2,100,测试装备95级,95,0,7078,4247,4246,4245,70780,5096,5096,5096,5096,11324,6795,6794,6793,0,0,0,0,0,0,0,0,0,,0
22096,测试装备96级,20,1000,1,6,1,1,1,2,100,测试装备96级,96,0,7248,4349,4348,4347,72480,5218,5218,5218,5218,11596,6959,6958,6957,0,0,0,0,0,0,0,0,0,,0
22097,测试装备97级,20,1000,1,6,1,1,1,2,100,测试装备97级,97,0,7422,4454,4453,4452,74220,5343,5343,5343,5343,11875,7126,7125,7124,0,0,0,0,0,0,0,0,0,,0
22098,测试装备98级,20,1000,1,6,1,1,1,2,100,测试装备98级,98,0,7600,4561,4560,4559,76000,5472,5472,5472,5472,12160,7297,7296,7295,0,0,0,0,0,0,0,0,0,,0
22099,测试装备99级,20,1000,1,6,1,1,1,2,100,测试装备99级,99,0,7782,4670,4669,4668,77825,5603,5603,5603,5603,12452,7472,7471,7470,0,0,0,0,0,0,0,0,0,,0
22100,测试装备100级,20,1000,1,6,1,1,1,2,100,测试装备100级,100,0,7969,4782,4781,4780,79695,5738,5738,5738,5738,12751,7651,7650,7649,0,0,0,0,0,0,0,0,0,,0
11000,精致短刀,3,4,11000,1,1,1,1,2,500,精良巧妙便于携带的短刀,1,0,0,0,0,0,30,0,0,0,0,31,0,0,0,0,0,0,0,0,0,0,0,0,0,0
11001,勇气短刀,4,8,11001,1,1,1,1,2,1000,同样精良但更加锋利的短刀,5,0,0,0,0,0,33,0,0,0,0,36,0,0,0,0,0,0,0,0,0,0,0,0,0,0
11002,意志大斧,5,15,11002,2,1,1,1,2,2000,大型战斧，杀伤力大,10,0,0,0,0,0,38,0,0,0,0,44,0,0,0,0,0,0,0,0,0,0,0,0,0,0
11003,信仰重棍,7,24,11003,2,1,1,1,2,3000,狂热信徒所制重锤，全身布满了神秘的符文,15,0,0,0,0,0,44,0,0,0,0,55,0,0,0,0,0,0,0,0,0,0,0,0,0,0
11004,智者手枪,9,40,11004,2,1,1,1,2,4000,轻便的自动手枪，让对手防不胜防,20,0,0,0,0,0,54,0,0,0,0,72,0,0,0,0,0,0,0,0,0,0,0,0,0,0
11005,力量左轮,12,57,11005,2,1,1,1,2,5000,威力不俗的手枪，杀人于无形,25,0,0,0,0,0,66,0,0,0,0,91,0,0,0,0,0,0,0,0,0,0,0,0,0,0
11006,勇士长枪,15,111,11006,3,1,1,1,2,10000,帝国勇士所用长枪，马背上战斗时不可或缺的兵器,25,0,0,0,0,0,102,0,0,0,0,153,0,0,0,0,0,0,0,0,0,0,0,0,0,0
11007,晶绿长剑,15,75,11007,2,1,1,1,2,6000,镶满绿晶石的长剑，充斥着强大的魔力,30,0,0,0,0,0,78,0,0,0,0,112,0,0,0,0,0,0,0,0,0,0,0,0,0,0
11008,湛蓝长剑,18,131,11008,3,1,1,1,2,15000,蓝宝石所制的长剑，剑身蕴含神秘的力量,30,0,0,0,0,0,115,0,0,0,0,175,0,0,0,0,0,0,0,0,0,0,0,0,0,0
11009,恶魔之刃,18,95,11009,2,1,1,1,2,7000,恶魔所用短刀，充斥着邪恶的气息,35,0,0,0,0,0,91,0,0,0,0,134,0,0,0,0,0,0,0,0,0,0,0,0,0,0
11010,死神之刃,24,151,11010,3,1,1,1,2,20000,似一把巨大镰刀，死神专用,35,0,0,0,0,0,128,0,0,0,0,198,0,0,0,0,0,0,0,0,0,0,0,0,0,0
11011,残暴重锤,24,172,11011,3,1,1,1,2,25000,布满尖齿的重锤，破坏力惊人,40,0,0,0,0,0,143,0,0,0,0,222,0,0,0,0,0,0,0,0,0,0,0,0,0,0
11012,暴烈大锤,30,250,11012,4,1,1,1,2,35000,魔法加持的巨锤，攻城掠地专用,40,0,0,0,0,0,195,0,0,0,0,310,0,0,0,0,0,0,0,0,0,0,0,0,0,0
11013,光芒短枪,30,197,11013,3,1,1,1,2,30000,圣光加持的短枪，充满正义的力量,45,0,0,0,0,0,159,0,0,0,0,250,0,0,0,0,0,0,0,0,0,0,0,0,0,0
11014,烈焰短枪,36,280,11014,4,1,1,1,2,45000,一枪刺出，烈焰喷发，大地瞬间成焦土,45,0,0,0,0,0,214,0,0,0,0,344,0,0,0,0,0,0,0,0,0,0,0,0,0,0
11015,深渊之刃,36,223,11015,3,1,1,1,2,40000,传说中深渊之主所用之刃，薄如蝉翼，夺命无声,50,0,0,0,0,0,177,0,0,0,0,280,0,0,0,0,0,0,0,0,0,0,0,0,0,0
11016,地狱之刃,43,313,11016,4,1,1,1,2,55000,来自地狱的武器，武器中封印无数冤魂,50,0,0,0,0,0,237,0,0,0,0,382,0,0,0,0,0,0,0,0,0,0,0,0,0,0
11017,狩猎者长枪,43,346,11017,4,1,1,1,2,65000,貌不惊人看似平凡的长枪，一出袖却让妖兽闻风丧胆,55,0,0,0,0,0,258,0,0,0,0,419,0,0,0,0,0,0,0,0,0,0,0,0,0,0
11018,冒险家长枪,50,461,11018,5,1,1,1,2,80000,冒险家专用，代表着巨大的勇气与无尽的探索,55,0,0,0,0,0,335,0,0,0,0,549,0,0,0,0,0,0,0,0,0,0,0,0,0,0
11019,潮汐之锤,50,381,11019,4,1,1,1,2,75000,可掌控潮汐升退的巨锤,60,0,0,0,0,0,282,0,0,0,0,459,0,0,0,0,0,0,0,0,0,0,0,0,0,0
11020,海洋之锤,60,502,11020,5,1,1,1,2,100000,只需一锤，便可排山倒海,60,0,0,0,0,0,363,0,0,0,0,596,0,0,0,0,0,0,0,0,0,0,0,0,0,0
11021,无尽之刃,60,421,11021,4,1,1,1,2,85000,来自无尽空间的短刃，似乎能劈开空间,65,0,0,0,0,0,308,0,0,0,0,504,0,0,0,0,0,0,0,0,0,0,0,0,0,0
11022,永恒之刃,70,548,11022,5,1,1,1,2,125000,来历神秘的短刃，蕴含者未知的力量,65,0,0,0,0,0,393,0,0,0,0,648,0,0,0,0,0,0,0,0,0,0,0,0,0,0
11023,霸主之刃,80,596,11023,5,1,1,1,2,150000,三界霸主所用，代表着绝对的征服,70,0,0,0,0,0,425,0,0,0,0,703,0,0,0,0,0,0,0,0,0,0,0,0,0,0
11024,王者之刃,100,849,11024,6,1,1,1,2,250000,宇宙第一神兵，能将天地瞬间夷为平地，幸好下落不明。,70,0,0,0,0,0,594,0,0,0,0,989,0,0,0,0,0,0,0,0,0,0,0,0,0,0
11025,75级紫色武器,100,1000,1,5,1,1,1,2,15000,装备,75,0,0,0,0,0,458,0,0,0,0,758,0,0,0,0,0,0,0,0,0,0,0,0,0,0
11026,75级橙色武器,110,1000,1,6,1,1,1,2,15000,装备,75,0,0,0,0,0,665,0,0,0,0,1110,0,0,0,0,0,0,0,0,0,0,0,0,0,0
11027,80级紫色武器,110,1000,1,5,1,1,1,2,16000,装备,80,0,0,0,0,0,493,0,0,0,0,817,0,0,0,0,0,0,0,0,0,0,0,0,0,0
11028,80级橙色武器,120,1000,1,6,1,1,1,2,16000,装备,80,0,0,0,0,0,739,0,0,0,0,1235,0,0,0,0,0,0,0,0,0,0,0,0,0,0
11029,85级紫色武器,120,1000,1,5,1,1,1,2,17000,装备,85,0,0,0,0,0,530,0,0,0,0,881,0,0,0,0,0,0,0,0,0,0,0,0,0,0
11030,85级橙色武器,130,1000,1,6,1,1,1,2,17000,装备,85,0,0,0,0,0,821,0,0,0,0,1375,0,0,0,0,0,0,0,0,0,0,0,0,0,0
11031,90级紫色武器,130,1000,1,5,1,1,1,2,18000,装备,90,0,0,0,0,0,568,0,0,0,0,944,0,0,0,0,0,0,0,0,0,0,0,0,0,0
11032,90级橙色武器,140,1000,1,6,1,1,1,2,18000,装备,90,0,0,0,0,0,905,0,0,0,0,1518,0,0,0,0,0,0,0,0,0,0,0,0,0,0
11033,95级紫色武器,140,1000,1,5,1,1,1,2,19000,装备,95,0,0,0,0,0,607,0,0,0,0,1012,0,0,0,0,0,0,0,0,0,0,0,0,0,0
11034,95级橙色武器,150,1000,1,6,1,1,1,2,19000,装备,95,0,0,0,0,0,998,0,0,0,0,1677,0,0,0,0,0,0,0,0,0,0,0,0,0,0
11035,100级紫色武器,150,1000,1,5,1,1,1,2,20000,装备,100,0,0,0,0,0,650,0,0,0,0,1085,0,0,0,0,0,0,0,0,0,0,0,0,0,0
11036,100级橙色武器,160,1000,1,6,1,1,1,2,20000,装备,100,0,0,0,0,0,1094,0,0,0,0,1839,0,0,0,0,0,0,0,0,0,0,0,0,0,0
12000,制式皮靴,3,4,12000,1,4,4,1,2,500,做工精良的皮靴,1,0,0,0,0,0,67,0,0,0,0,0,18,0,0,0,0,0,0,0,0,0,0,0,0,0
12001,勇气皮靴,4,8,12001,1,4,4,1,2,1000,轻便结实的皮靴,5,0,0,0,0,0,73,0,0,0,0,0,23,0,0,0,0,0,0,0,0,0,0,0,0,0
12002,意志战靴,5,15,12002,2,4,4,1,2,2000,坚硬的战靴，防御力良好,10,0,0,0,0,0,85,0,0,0,0,0,31,0,0,0,0,0,0,0,0,0,0,0,0,0
12003,信仰之护,7,24,12003,2,4,4,1,2,3000,布满符文的布鞋，狂热信徒所制,15,0,0,0,0,0,101,0,0,0,0,0,41,0,0,0,0,0,0,0,0,0,0,0,0,0
12004,智者短靴,9,40,12004,2,4,4,1,2,4000,智者所用短靴，轻巧耐磨,20,0,0,0,0,0,127,0,0,0,0,0,59,0,0,0,0,0,0,0,0,0,0,0,0,0
12005,力量长靴,12,57,12005,2,4,4,1,2,5000,厚重的长靴，能有效保护腿部,25,0,0,0,0,0,155,0,0,0,0,0,77,0,0,0,0,0,0,0,0,0,0,0,0,0
12006,勇士长靴,15,111,12006,3,4,4,1,2,10000,帝国勇士所用长靴，轻便且防御力良好,25,0,0,0,0,0,246,0,0,0,0,0,139,0,0,0,0,0,0,0,0,0,0,0,0,0
12007,晶绿重靴,15,75,12007,2,4,4,1,2,6000,镶满绿晶石的重靴，充斥着强大魔力,30,0,0,0,0,0,185,0,0,0,0,0,98,0,0,0,0,0,0,0,0,0,0,0,0,0
12008,湛蓝重靴,18,131,12008,3,4,4,1,2,15000,蓝宝石所制的重靴，蕴含神秘力量,30,0,0,0,0,0,278,0,0,0,0,0,161,0,0,0,0,0,0,0,0,0,0,0,0,0
12009,恶魔长靴,18,95,12009,2,4,4,1,2,7000,恶魔专用长靴，罪恶的开始,35,0,0,0,0,0,218,0,0,0,0,0,120,0,0,0,0,0,0,0,0,0,0,0,0,0
12010,死神长靴,24,151,12010,3,4,4,1,2,20000,死神专用长靴，弥漫着死亡、冰冷的气息,35,0,0,0,0,0,312,0,0,0,0,0,183,0,0,0,0,0,0,0,0,0,0,0,0,0
12011,残暴重靴,24,172,12011,3,4,4,1,2,25000,布满尖齿的重靴，防御力惊人,40,0,0,0,0,0,348,0,0,0,0,0,207,0,0,0,0,0,0,0,0,0,0,0,0,0
12012,暴烈重靴,30,250,12012,4,4,4,1,2,35000,魔法加持的重靴，穿上后却十分轻便,40,0,0,0,0,0,477,0,0,0,0,0,294,0,0,0,0,0,0,0,0,0,0,0,0,0
12013,光芒之靴,30,197,12013,3,4,4,1,2,30000,圣光加持的长靴，充满正义的力量,45,0,0,0,0,0,389,0,0,0,0,0,235,0,0,0,0,0,0,0,0,0,0,0,0,0
12014,烈焰之靴,36,280,12014,4,4,4,1,2,45000,烈焰加持的长靴，能有效抵挡敌人的攻击,45,0,0,0,0,0,527,0,0,0,0,0,328,0,0,0,0,0,0,0,0,0,0,0,0,0
12015,深渊战靴,36,223,12015,3,4,4,1,2,40000,传说中深渊之主所用战靴，轻如赤足,50,0,0,0,0,0,433,0,0,0,0,0,264,0,0,0,0,0,0,0,0,0,0,0,0,0
12016,地狱战靴,43,313,12016,4,4,4,1,2,55000,来自地狱的战靴，因封印无数冤魂，嗜血而强大,50,0,0,0,0,0,583,0,0,0,0,0,365,0,0,0,0,0,0,0,0,0,0,0,0,0
12017,狩猎者长靴,43,346,12017,4,4,4,1,2,65000,看似平凡不起眼的皮靴，却生出了灵性，识得主人,55,0,0,0,0,0,636,0,0,0,0,0,401,0,0,0,0,0,0,0,0,0,0,0,0,0
12018,冒险家长靴,50,461,12018,5,4,4,1,2,80000,冒险家专用长靴，代表着巨大的勇气与无尽的探索,55,0,0,0,0,0,828,0,0,0,0,0,530,0,0,0,0,0,0,0,0,0,0,0,0,0
12019,潮汐长靴,50,381,12019,4,4,4,1,2,75000,可召唤潮涨潮退的长靴,60,0,0,0,0,0,696,0,0,0,0,0,441,0,0,0,0,0,0,0,0,0,0,0,0,0
12020,海洋长靴,60,502,12020,5,4,4,1,2,100000,具有翻江倒海之力的长靴,60,0,0,0,0,0,898,0,0,0,0,0,577,0,0,0,0,0,0,0,0,0,0,0,0,0
12021,无尽战靴,60,421,12021,4,4,4,1,2,85000,来自未知空间的战靴，似能穿越空间,65,0,0,0,0,0,761,0,0,0,0,0,485,0,0,0,0,0,0,0,0,0,0,0,0,0
12022,永恒战靴,70,548,12022,5,4,4,1,2,125000,来历神秘的战靴，蕴含着未知的强大力量,65,0,0,0,0,0,974,0,0,0,0,0,628,0,0,0,0,0,0,0,0,0,0,0,0,0
12023,霸主战靴,80,596,12023,5,4,4,1,2,150000,三界霸主所用战靴，代表着力量与征服,70,0,0,0,0,0,1054,0,0,0,0,0,682,0,0,0,0,0,0,0,0,0,0,0,0,0
12024,王者战靴,100,849,12024,6,4,4,1,2,250000,王者所用战靴，代表着宇宙中最强大的力量,70,0,0,0,0,0,1475,0,0,0,0,0,965,0,0,0,0,0,0,0,0,0,0,0,0,0
12025,75级紫色鞋子,100,1000,1,5,4,4,1,2,15000,装备,75,0,0,0,0,0,1135,0,0,0,0,0,736,0,0,0,0,0,0,0,0,0,0,0,0,0
12026,75级橙色鞋子,110,1000,1,6,4,4,1,2,15000,装备,75,0,0,0,0,0,1653,0,0,0,0,0,1085,0,0,0,0,0,0,0,0,0,0,0,0,0
12027,80级紫色鞋子,110,1000,1,5,4,4,1,2,16000,装备,80,0,0,0,0,0,1222,0,0,0,0,0,795,0,0,0,0,0,0,0,0,0,0,0,0,0
12028,80级橙色鞋子,120,1000,1,6,4,4,1,2,16000,装备,80,0,0,0,0,0,1838,0,0,0,0,0,1208,0,0,0,0,0,0,0,0,0,0,0,0,0
12029,85级紫色鞋子,120,1000,1,5,4,4,1,2,17000,装备,85,0,0,0,0,0,1317,0,0,0,0,0,858,0,0,0,0,0,0,0,0,0,0,0,0,0
12030,85级橙色鞋子,130,1000,1,6,4,4,1,2,17000,装备,85,0,0,0,0,0,2043,0,0,0,0,0,1346,0,0,0,0,0,0,0,0,0,0,0,0,0
12031,90级紫色鞋子,130,1000,1,5,4,4,1,2,18000,装备,90,0,0,0,0,0,1410,0,0,0,0,0,921,0,0,0,0,0,0,0,0,0,0,0,0,0
12032,90级橙色鞋子,140,1000,1,6,4,4,1,2,18000,装备,90,0,0,0,0,0,2254,0,0,0,0,0,1488,0,0,0,0,0,0,0,0,0,0,0,0,0
12033,95级紫色鞋子,140,1000,1,5,4,4,1,2,19000,装备,95,0,0,0,0,0,1509,0,0,0,0,0,988,0,0,0,0,0,0,0,0,0,0,0,0,0
12034,95级橙色鞋子,150,1000,1,6,4,4,1,2,19000,装备,95,0,0,0,0,0,2487,0,0,0,0,0,1645,0,0,0,0,0,0,0,0,0,0,0,0,0
12035,100级紫色鞋子,150,1000,1,5,4,4,1,2,20000,装备,100,0,0,0,0,0,1616,0,0,0,0,0,1059,0,0,0,0,0,0,0,0,0,0,0,0,0
12036,100级橙色鞋子,160,1000,1,6,4,4,1,2,20000,装备,100,0,0,0,0,0,2726,0,0,0,0,0,1805,0,0,0,0,0,0,0,0,0,0,0,0,0
13000,质朴头带,3,4,13000,1,2,2,1,2,500,做工精良的头带,1,0,0,0,0,0,67,0,0,0,0,0,0,18,0,0,0,0,0,0,0,0,0,0,0,0
13001,勇气头带,4,8,13001,1,2,2,1,2,1000,轻便结实的头带,5,0,0,0,0,0,73,0,0,0,0,0,0,23,0,0,0,0,0,0,0,0,0,0,0,0
13002,意志之帽,5,15,13002,2,2,2,1,2,2000,坚硬的帽子，防御力良好,10,0,0,0,0,0,85,0,0,0,0,0,0,31,0,0,0,0,0,0,0,0,0,0,0,0
13003,信仰之帽,7,24,13003,2,2,2,1,2,3000,布满符文的布帽，狂热信仰者所制,15,0,0,0,0,0,101,0,0,0,0,0,0,41,0,0,0,0,0,0,0,0,0,0,0,0
13004,智者之帽,9,40,13004,2,2,2,1,2,4000,智者所用布帽，轻巧耐磨,20,0,0,0,0,0,127,0,0,0,0,0,0,59,0,0,0,0,0,0,0,0,0,0,0,0
13005,力量头带,12,57,13005,2,2,2,1,2,5000,厚重的头带，能有效保护头部,25,0,0,0,0,0,155,0,0,0,0,0,0,77,0,0,0,0,0,0,0,0,0,0,0,0
13006,勇士头带,15,111,13006,3,2,2,1,2,10000,帝国勇士所用头带，轻便且防御力良好,25,0,0,0,0,0,246,0,0,0,0,0,0,139,0,0,0,0,0,0,0,0,0,0,0,0
13007,晶绿战盔,15,75,13007,2,2,2,1,2,6000,镶满绿晶石的战盔，充斥着强大魔力,30,0,0,0,0,0,185,0,0,0,0,0,0,98,0,0,0,0,0,0,0,0,0,0,0,0
13008,湛蓝战盔,18,131,13008,3,2,2,1,2,15000,蓝宝石所制的战盔，蕴含神秘力量,30,0,0,0,0,0,278,0,0,0,0,0,0,161,0,0,0,0,0,0,0,0,0,0,0,0
13009,恶魔战盔,18,95,13009,2,2,2,1,2,7000,恶魔所用战盔，充斥着邪恶的气息,35,0,0,0,0,0,218,0,0,0,0,0,0,120,0,0,0,0,0,0,0,0,0,0,0,0
13010,死神战盔,24,151,13010,3,2,2,1,2,20000,死神专用战盔，弥漫着死亡的气息,35,0,0,0,0,0,312,0,0,0,0,0,0,183,0,0,0,0,0,0,0,0,0,0,0,0
13011,残暴面具,24,172,13011,3,2,2,1,2,25000,布满尖齿的战盔，防御力惊人,40,0,0,0,0,0,348,0,0,0,0,0,0,207,0,0,0,0,0,0,0,0,0,0,0,0
13012,暴烈面具,30,250,13012,4,2,2,1,2,35000,魔法加持的战盔，穿上后却十分轻便,40,0,0,0,0,0,477,0,0,0,0,0,0,294,0,0,0,0,0,0,0,0,0,0,0,0
13013,光芒目镜,30,197,13013,3,2,2,1,2,30000,圣光加持的目镜，充满正义的力量,45,0,0,0,0,0,389,0,0,0,0,0,0,235,0,0,0,0,0,0,0,0,0,0,0,0
13014,烈焰目镜,36,280,13014,4,2,2,1,2,45000,烈焰加持的目镜，能有效抵挡敌人的攻击,45,0,0,0,0,0,527,0,0,0,0,0,0,328,0,0,0,0,0,0,0,0,0,0,0,0
13015,深渊战盔,36,223,13015,3,2,2,1,2,40000,传说中深渊之主所用战盔,50,0,0,0,0,0,433,0,0,0,0,0,0,264,0,0,0,0,0,0,0,0,0,0,0,0
13016,地狱战盔,43,313,13016,4,2,2,1,2,55000,来自地狱的战盔，战盔中封印着无数冤魂,50,0,0,0,0,0,583,0,0,0,0,0,0,365,0,0,0,0,0,0,0,0,0,0,0,0
13017,狩猎者之帽,43,346,13017,4,2,2,1,2,65000,看似普通皮帽，却浑身灵气,55,0,0,0,0,0,636,0,0,0,0,0,0,401,0,0,0,0,0,0,0,0,0,0,0,0
13018,冒险家之帽,50,461,13018,5,2,2,1,2,80000,冒险家所用皮帽，代表着勇气与探索,55,0,0,0,0,0,828,0,0,0,0,0,0,530,0,0,0,0,0,0,0,0,0,0,0,0
13019,潮汐战盔,50,381,13019,4,2,2,1,2,75000,蕴含着潮汐之力的战盔,60,0,0,0,0,0,696,0,0,0,0,0,0,441,0,0,0,0,0,0,0,0,0,0,0,0
13020,海洋战盔,60,502,13020,5,2,2,1,2,100000,蕴含着海洋之力的战盔,60,0,0,0,0,0,898,0,0,0,0,0,0,577,0,0,0,0,0,0,0,0,0,0,0,0
13021,无尽战盔,60,421,13021,4,2,2,1,2,85000,来自未知空间的战盔，似能穿越无尽的时空,65,0,0,0,0,0,761,0,0,0,0,0,0,485,0,0,0,0,0,0,0,0,0,0,0,0
13022,永恒战盔,70,548,13022,5,2,2,1,2,125000,来历神秘的战盔，蕴含着不为人知的强大力量,65,0,0,0,0,0,974,0,0,0,0,0,0,628,0,0,0,0,0,0,0,0,0,0,0,0
13023,霸主战盔,80,596,13023,5,2,2,1,2,150000,三界霸主所用战盔，代表着力量与征服,70,0,0,0,0,0,1054,0,0,0,0,0,0,682,0,0,0,0,0,0,0,0,0,0,0,0
13024,王者战盔,100,849,13024,6,2,2,1,2,250000,王者所用战盔，代表着宇宙力量的巅峰,70,0,0,0,0,0,1475,0,0,0,0,0,0,965,0,0,0,0,0,0,0,0,0,0,0,0
13025,75级紫色护手,100,1000,1,5,2,2,1,2,15000,装备,75,0,0,0,0,0,1135,0,0,0,0,0,0,736,0,0,0,0,0,0,0,0,0,0,0,0
13026,75级橙色护手,110,1000,1,6,2,2,1,2,15000,装备,75,0,0,0,0,0,1653,0,0,0,0,0,0,1085,0,0,0,0,0,0,0,0,0,0,0,0
13027,80级紫色护手,110,1000,1,5,2,2,1,2,16000,装备,80,0,0,0,0,0,1222,0,0,0,0,0,0,795,0,0,0,0,0,0,0,0,0,0,0,0
13028,80级橙色护手,120,1000,1,6,2,2,1,2,16000,装备,80,0,0,0,0,0,1838,0,0,0,0,0,0,1208,0,0,0,0,0,0,0,0,0,0,0,0
13029,85级紫色护手,120,1000,1,5,2,2,1,2,17000,装备,85,0,0,0,0,0,1317,0,0,0,0,0,0,858,0,0,0,0,0,0,0,0,0,0,0,0
13030,85级橙色护手,130,1000,1,6,2,2,1,2,17000,装备,85,0,0,0,0,0,2043,0,0,0,0,0,0,1346,0,0,0,0,0,0,0,0,0,0,0,0
13031,90级紫色护手,130,1000,1,5,2,2,1,2,18000,装备,90,0,0,0,0,0,1410,0,0,0,0,0,0,921,0,0,0,0,0,0,0,0,0,0,0,0
13032,90级橙色护手,140,1000,1,6,2,2,1,2,18000,装备,90,0,0,0,0,0,2254,0,0,0,0,0,0,1488,0,0,0,0,0,0,0,0,0,0,0,0
13033,95级紫色护手,140,1000,1,5,2,2,1,2,19000,装备,95,0,0,0,0,0,1509,0,0,0,0,0,0,988,0,0,0,0,0,0,0,0,0,0,0,0
13034,95级橙色护手,150,1000,1,6,2,2,1,2,19000,装备,95,0,0,0,0,0,2487,0,0,0,0,0,0,1645,0,0,0,0,0,0,0,0,0,0,0,0
13035,100级紫色护手,150,1000,1,5,2,2,1,2,20000,装备,100,0,0,0,0,0,1616,0,0,0,0,0,0,1059,0,0,0,0,0,0,0,0,0,0,0,0
13036,100级橙色护手,160,1000,1,6,2,2,1,2,20000,装备,100,0,0,0,0,0,2726,0,0,0,0,0,0,1805,0,0,0,0,0,0,0,0,0,0,0,0
14000,棉布背心,3,4,14000,1,3,3,1,2,500,做工精良的背心,1,0,0,0,0,0,67,0,0,0,0,0,0,0,18,0,0,0,0,0,0,0,0,0,0,0
14001,勇气短衫,4,8,14001,1,3,3,1,2,1000,轻便结实的短衫,5,0,0,0,0,0,73,0,0,0,0,0,0,0,23,0,0,0,0,0,0,0,0,0,0,0
14002,意志战衣,5,15,14002,2,3,3,1,2,2000,坚固的战衣，防御力良好,10,0,0,0,0,0,85,0,0,0,0,0,0,0,31,0,0,0,0,0,0,0,0,0,0,0
14003,信仰战衣,7,24,14003,2,3,3,1,2,3000,布满符文的战衣，狂热信仰者所制,15,0,0,0,0,0,101,0,0,0,0,0,0,0,41,0,0,0,0,0,0,0,0,0,0,0
14004,智者战衣,9,40,14004,2,3,3,1,2,4000,智者所用战衣，轻巧耐磨,20,0,0,0,0,0,127,0,0,0,0,0,0,0,59,0,0,0,0,0,0,0,0,0,0,0
14005,力量战衣,12,57,14005,2,3,3,1,2,5000,厚重的战衣，能有效保护身体,25,0,0,0,0,0,155,0,0,0,0,0,0,0,77,0,0,0,0,0,0,0,0,0,0,0
14006,勇士战甲,15,111,14006,3,3,3,1,2,10000,帝国勇士所用战甲，轻便且防御力良好,25,0,0,0,0,0,246,0,0,0,0,0,0,0,139,0,0,0,0,0,0,0,0,0,0,0
14007,晶绿重甲,15,75,14007,2,3,3,1,2,6000,镶满绿晶石的重甲，充斥着强大魔力,30,0,0,0,0,0,185,0,0,0,0,0,0,0,98,0,0,0,0,0,0,0,0,0,0,0
14008,湛蓝重甲,18,131,14008,3,3,3,1,2,15000,蓝宝石所制的重甲，蕴含神秘力量,30,0,0,0,0,0,278,0,0,0,0,0,0,0,161,0,0,0,0,0,0,0,0,0,0,0
14009,恶魔战甲,18,95,14009,2,3,3,1,2,7000,恶魔所用战甲，充斥着邪恶的气息,35,0,0,0,0,0,218,0,0,0,0,0,0,0,120,0,0,0,0,0,0,0,0,0,0,0
14010,死神战甲,24,151,14010,3,3,3,1,2,20000,死神专用战甲，弥漫着死亡的气息,35,0,0,0,0,0,312,0,0,0,0,0,0,0,183,0,0,0,0,0,0,0,0,0,0,0
14011,残暴铠甲,24,172,14011,3,3,3,1,2,25000,布满尖齿的铠甲，防御力惊人,40,0,0,0,0,0,348,0,0,0,0,0,0,0,207,0,0,0,0,0,0,0,0,0,0,0
14012,暴烈铠甲,30,250,14012,4,3,3,1,2,35000,魔法加持的铠甲，穿上后却十分轻便,40,0,0,0,0,0,477,0,0,0,0,0,0,0,294,0,0,0,0,0,0,0,0,0,0,0
14013,光芒铠甲,30,197,14013,3,3,3,1,2,30000,圣光加持的铠甲，充满正义的力量,45,0,0,0,0,0,389,0,0,0,0,0,0,0,235,0,0,0,0,0,0,0,0,0,0,0
14014,烈焰铠甲,36,280,14014,4,3,3,1,2,45000,烈焰加持的铠甲，能有效抵挡敌人的攻击,45,0,0,0,0,0,527,0,0,0,0,0,0,0,328,0,0,0,0,0,0,0,0,0,0,0
14015,深渊战甲,36,223,14015,3,3,3,1,2,40000,传说中深渊之主所用战甲，却轻如薄纱,50,0,0,0,0,0,433,0,0,0,0,0,0,0,264,0,0,0,0,0,0,0,0,0,0,0
14016,地狱战甲,43,313,14016,4,3,3,1,2,55000,地狱战甲，无数冤魂凄厉索命,50,0,0,0,0,0,583,0,0,0,0,0,0,0,365,0,0,0,0,0,0,0,0,0,0,0
14017,狩猎者短衫,43,346,14017,4,3,3,1,2,65000,看似不起眼的短衫，却充满了灵性,55,0,0,0,0,0,636,0,0,0,0,0,0,0,401,0,0,0,0,0,0,0,0,0,0,0
14018,冒险家短衫,50,461,14018,5,3,3,1,2,80000,冒险家所用短衫，象征着巨大的勇气与无尽的探索,55,0,0,0,0,0,828,0,0,0,0,0,0,0,530,0,0,0,0,0,0,0,0,0,0,0
14019,潮汐战甲,50,381,14019,4,3,3,1,2,75000,蕴含着潮汐之力的战甲,60,0,0,0,0,0,696,0,0,0,0,0,0,0,441,0,0,0,0,0,0,0,0,0,0,0
14020,海洋战甲,60,502,14020,5,3,3,1,2,100000,蕴含着海洋之力的战甲,60,0,0,0,0,0,898,0,0,0,0,0,0,0,577,0,0,0,0,0,0,0,0,0,0,0
14021,无尽战甲,60,421,14021,4,3,3,1,2,85000,来自未知空间的战甲，似能穿越无尽的时空,65,0,0,0,0,0,761,0,0,0,0,0,0,0,485,0,0,0,0,0,0,0,0,0,0,0
14022,永恒战甲,70,548,14022,5,3,3,1,2,125000,来历神秘的战甲，蕴含着未知的力量,65,0,0,0,0,0,974,0,0,0,0,0,0,0,628,0,0,0,0,0,0,0,0,0,0,0
14023,霸主战甲,80,596,14023,5,3,3,1,2,150000,三界霸主所用战甲，代表着力量与征服,70,0,0,0,0,0,1054,0,0,0,0,0,0,0,682,0,0,0,0,0,0,0,0,0,0,0
14024,王者战甲,100,849,14024,6,3,3,1,2,250000,王者所用战甲，不可一世，宇宙中绝对的臣服,70,0,0,0,0,0,1475,0,0,0,0,0,0,0,965,0,0,0,0,0,0,0,0,0,0,0
14025,75级紫色衣服,100,1000,1,5,3,3,1,2,15000,装备,75,0,0,0,0,0,1135,0,0,0,0,0,0,0,736,0,0,0,0,0,0,0,0,0,0,0
14026,75级橙色衣服,110,1000,1,6,3,3,1,2,15000,装备,75,0,0,0,0,0,1653,0,0,0,0,0,0,0,1085,0,0,0,0,0,0,0,0,0,0,0
14027,80级紫色衣服,110,1000,1,5,3,3,1,2,16000,装备,80,0,0,0,0,0,1222,0,0,0,0,0,0,0,795,0,0,0,0,0,0,0,0,0,0,0
14028,80级橙色衣服,120,1000,1,6,3,3,1,2,16000,装备,80,0,0,0,0,0,1838,0,0,0,0,0,0,0,1208,0,0,0,0,0,0,0,0,0,0,0
14029,85级紫色衣服,120,1000,1,5,3,3,1,2,17000,装备,85,0,0,0,0,0,1317,0,0,0,0,0,0,0,858,0,0,0,0,0,0,0,0,0,0,0
14030,85级橙色衣服,130,1000,1,6,3,3,1,2,17000,装备,85,0,0,0,0,0,2043,0,0,0,0,0,0,0,1346,0,0,0,0,0,0,0,0,0,0,0
14031,90级紫色衣服,130,1000,1,5,3,3,1,2,18000,装备,90,0,0,0,0,0,1410,0,0,0,0,0,0,0,921,0,0,0,0,0,0,0,0,0,0,0
14032,90级橙色衣服,140,1000,1,6,3,3,1,2,18000,装备,90,0,0,0,0,0,2254,0,0,0,0,0,0,0,1488,0,0,0,0,0,0,0,0,0,0,0
14033,95级紫色衣服,140,1000,1,5,3,3,1,2,19000,装备,95,0,0,0,0,0,1509,0,0,0,0,0,0,0,988,0,0,0,0,0,0,0,0,0,0,0
14034,95级橙色衣服,150,1000,1,6,3,3,1,2,19000,装备,95,0,0,0,0,0,2487,0,0,0,0,0,0,0,1645,0,0,0,0,0,0,0,0,0,0,0
14035,100级紫色衣服,150,1000,1,5,3,3,1,2,20000,装备,100,0,0,0,0,0,1616,0,0,0,0,0,0,0,1059,0,0,0,0,0,0,0,0,0,0,0
14036,100级橙色衣服,160,1000,1,6,3,3,1,2,20000,装备,100,0,0,0,0,0,2726,0,0,0,0,0,0,0,1805,0,0,0,0,0,0,0,0,0,0,0
15000,初心者之光,3,4,15000,1,5,5,1,2,500,做工精良的项链,1,0,0,0,0,0,123,0,0,0,0,4,0,0,0,0,0,0,0,0,0,0,0,0,0,0
15001,勇者之链,4,8,15001,1,5,5,1,2,1000,轻便结实的项链,5,0,0,0,0,0,139,0,0,0,0,4,0,0,0,0,0,0,0,0,0,0,0,0,0,0
15002,坚韧水晶,5,15,15002,2,5,5,1,2,2000,坚固的项链，魔力值良好,10,0,0,0,0,0,169,0,0,0,0,5,0,0,0,0,0,0,0,0,0,0,0,0,0,0
15003,梦想之链,7,24,15003,2,5,5,1,2,3000,布满符文的项链，狂热信仰者所制,15,0,0,0,0,0,208,0,0,0,0,7,0,0,0,0,0,0,0,0,0,0,0,0,0,0
15004,智慧之光,9,40,15004,2,5,5,1,2,4000,智者所用项链，充斥者智慧的力量,20,0,0,0,0,0,273,0,0,0,0,9,0,0,0,0,0,0,0,0,0,0,0,0,0,0
15005,力量晶石,12,57,15005,2,5,5,1,2,5000,沉重的项链，能提供强大的力量,25,0,0,0,0,0,343,0,0,0,0,11,0,0,0,0,0,0,0,0,0,0,0,0,0,0
15006,勇士战链,15,111,15006,3,5,5,1,2,10000,帝国勇士所用战链，轻便且强大攻击力加持,25,0,0,0,0,0,570,0,0,0,0,18,0,0,0,0,0,0,0,0,0,0,0,0,0,0
15007,晶绿宝石,15,75,15007,2,5,5,1,2,6000,镶满绿晶石的宝石项链，充斥着强大魔力,30,0,0,0,0,0,419,0,0,0,0,13,0,0,0,0,0,0,0,0,0,0,0,0,0,0
15008,湛蓝宝石,18,131,15008,3,5,5,1,2,15000,蓝宝石所制的宝石项链，蕴含神秘力量,30,0,0,0,0,0,652,0,0,0,0,21,0,0,0,0,0,0,0,0,0,0,0,0,0,0
15009,恶魔之眼,18,95,15009,2,5,5,1,2,7000,恶魔所用项链，充斥着邪恶的气息,35,0,0,0,0,0,501,0,0,0,0,16,0,0,0,0,0,0,0,0,0,0,0,0,0,0
15010,死神之眼,24,151,15010,3,5,5,1,2,20000,死神专用项链，弥漫着死亡的气息,35,0,0,0,0,0,736,0,0,0,0,23,0,0,0,0,0,0,0,0,0,0,0,0,0,0
15011,残暴之玉,24,172,15011,3,5,5,1,2,25000,血红色的项链，破坏力惊人,40,0,0,0,0,0,825,0,0,0,0,26,0,0,0,0,0,0,0,0,0,0,0,0,0,0
15012,暴烈之玉,30,250,15012,4,5,5,1,2,35000,魔法加持的项链，具有爆炸性的力量,40,0,0,0,0,0,1149,0,0,0,0,37,0,0,0,0,0,0,0,0,0,0,0,0,0,0
15013,光芒印记,30,197,15013,3,5,5,1,2,30000,圣光加持的项链，充满正义的力量,45,0,0,0,0,0,927,0,0,0,0,30,0,0,0,0,0,0,0,0,0,0,0,0,0,0
15014,烈焰印记,36,280,15014,4,5,5,1,2,45000,烈焰加持的项链，发出的烈焰似乎能燃烧一切,45,0,0,0,0,0,1273,0,0,0,0,41,0,0,0,0,0,0,0,0,0,0,0,0,0,0
15015,深渊项链,36,223,15015,3,5,5,1,2,40000,传说中深渊之主所用项链，蕴含深渊气息,50,0,0,0,0,0,1038,0,0,0,0,33,0,0,0,0,0,0,0,0,0,0,0,0,0,0
15016,地狱项链,43,313,15016,4,5,5,1,2,55000,来自地狱的项链，项链中封印无数冤魂,50,0,0,0,0,0,1412,0,0,0,0,45,0,0,0,0,0,0,0,0,0,0,0,0,0,0
15017,狩猎者之试,43,346,15017,4,5,5,1,2,65000,原本是一件普通项链，却充满了灵性,55,0,0,0,0,0,1547,0,0,0,0,49,0,0,0,0,0,0,0,0,0,0,0,0,0,0
15018,冒险家之心,50,461,15018,5,5,5,1,2,80000,冒险家所用项链，代表着勇气与探索,55,0,0,0,0,0,2026,0,0,0,0,65,0,0,0,0,0,0,0,0,0,0,0,0,0,0
15019,潮汐项链,50,381,15019,4,5,5,1,2,75000,蕴含着潮汐之力的项链,60,0,0,0,0,0,1695,0,0,0,0,54,0,0,0,0,0,0,0,0,0,0,0,0,0,0
15020,海洋之心,60,502,15020,5,5,5,1,2,100000,蕴含着海洋之力的项链,60,0,0,0,0,0,2200,0,0,0,0,70,0,0,0,0,0,0,0,0,0,0,0,0,0,0
15021,无尽项链,60,421,15021,4,5,5,1,2,85000,来自无尽空间的项链，似乎穿越空间,65,0,0,0,0,0,1859,0,0,0,0,59,0,0,0,0,0,0,0,0,0,0,0,0,0,0
15022,永恒项链,70,548,15022,5,5,5,1,2,125000,来历神秘的项链，蕴含着未知的力量,65,0,0,0,0,0,2390,0,0,0,0,76,0,0,0,0,0,0,0,0,0,0,0,0,0,0
15023,霸主项链,80,596,15023,5,5,5,1,2,150000,三界霸主所用项链，代表着力量与征服,70,0,0,0,0,0,2591,0,0,0,0,83,0,0,0,0,0,0,0,0,0,0,0,0,0,0
15024,王者项链,100,849,15024,6,5,5,1,2,250000,王者所用项链，代表着宇宙中最强大的力量,70,0,0,0,0,0,3644,0,0,0,0,117,0,0,0,0,0,0,0,0,0,0,0,0,0,0
15025,75级紫色项链,100,1000,1,5,5,5,1,2,15000,装备,75,0,0,0,0,0,2793,0,0,0,0,89,0,0,0,0,0,0,0,0,0,0,0,0,0,0
15026,75级橙色项链,110,1000,1,6,5,5,1,2,15000,装备,75,0,0,0,0,0,4089,0,0,0,0,131,0,0,0,0,0,0,0,0,0,0,0,0,0,0
15027,80级紫色项链,110,1000,1,5,5,5,1,2,16000,装备,80,0,0,0,0,0,3012,0,0,0,0,96,0,0,0,0,0,0,0,0,0,0,0,0,0,0
15028,80级橙色项链,120,1000,1,6,5,5,1,2,16000,装备,80,0,0,0,0,0,4550,0,0,0,0,146,0,0,0,0,0,0,0,0,0,0,0,0,0,0
15029,85级紫色项链,120,1000,1,5,5,5,1,2,17000,装备,85,0,0,0,0,0,3248,0,0,0,0,104,0,0,0,0,0,0,0,0,0,0,0,0,0,0
15030,85级橙色项链,130,1000,1,6,5,5,1,2,17000,装备,85,0,0,0,0,0,5063,0,0,0,0,162,0,0,0,0,0,0,0,0,0,0,0,0,0,0
15031,90级紫色项链,130,1000,1,5,5,5,1,2,18000,装备,90,0,0,0,0,0,3480,0,0,0,0,111,0,0,0,0,0,0,0,0,0,0,0,0,0,0
15032,90级橙色项链,140,1000,1,6,5,5,1,2,18000,装备,90,0,0,0,0,0,5590,0,0,0,0,179,0,0,0,0,0,0,0,0,0,0,0,0,0,0
15033,95级紫色项链,140,1000,1,5,5,5,1,2,19000,装备,95,0,0,0,0,0,3729,0,0,0,0,119,0,0,0,0,0,0,0,0,0,0,0,0,0,0
15034,95级橙色项链,150,1000,1,6,5,5,1,2,19000,装备,95,0,0,0,0,0,6172,0,0,0,0,197,0,0,0,0,0,0,0,0,0,0,0,0,0,0
15035,100级紫色项链,150,1000,1,5,5,5,1,2,20000,装备,100,0,0,0,0,0,3996,0,0,0,0,128,0,0,0,0,0,0,0,0,0,0,0,0,0,0
15036,100级橙色项链,160,1000,1,6,5,5,1,2,20000,装备,100,0,0,0,0,0,6770,0,0,0,0,217,0,0,0,0,0,0,0,0,0,0,0,0,0,0
16000,初心者之试,3,4,16000,1,6,6,1,2,500,做工精良的指环,1,0,0,0,0,0,43,0,0,0,0,19,0,0,0,0,0,0,0,0,0,0,0,0,0,0
16001,勇者铜环,4,8,16001,1,6,6,1,2,1000,轻便结实的铜指环,5,0,0,0,0,0,47,0,0,0,0,22,0,0,0,0,0,0,0,0,0,0,0,0,0,0
16002,坚韧指环,5,15,16002,2,6,6,1,2,2000,坚固的指环，魔力值良好,10,0,0,0,0,0,56,0,0,0,0,27,0,0,0,0,0,0,0,0,0,0,0,0,0,0
16003,信念指环,7,24,16003,2,6,6,1,2,3000,布满符文的指环，狂热信仰者所制,15,0,0,0,0,0,68,0,0,0,0,34,0,0,0,0,0,0,0,0,0,0,0,0,0,0
16004,智慧之戒,9,40,16004,2,6,6,1,2,4000,智者所用戒指，充斥者智慧的力量,20,0,0,0,0,0,87,0,0,0,0,45,0,0,0,0,0,0,0,0,0,0,0,0,0,0
16005,力量戒指,12,57,16005,2,6,6,1,2,5000,沉重的戒指，能提供强大的力量,25,0,0,0,0,0,108,0,0,0,0,58,0,0,0,0,0,0,0,0,0,0,0,0,0,0
16006,勇士指环,15,111,16006,3,6,6,1,2,10000,帝国勇士所用指环，轻便且具有强大攻击力加持,25,0,0,0,0,0,177,0,0,0,0,98,0,0,0,0,0,0,0,0,0,0,0,0,0,0
16007,绿宝石指环,15,75,16007,2,6,6,1,2,6000,镶满绿晶石的宝石指环，充斥着强大魔力,30,0,0,0,0,0,131,0,0,0,0,71,0,0,0,0,0,0,0,0,0,0,0,0,0,0
16008,蓝宝石指环,18,131,16008,3,6,6,1,2,15000,蓝宝石所制的宝石指环，蕴含神秘力量,30,0,0,0,0,0,201,0,0,0,0,112,0,0,0,0,0,0,0,0,0,0,0,0,0,0
16009,恶魔咒环,18,95,16009,2,6,6,1,2,7000,恶魔所用指环，充斥着邪恶的气息,35,0,0,0,0,0,156,0,0,0,0,86,0,0,0,0,0,0,0,0,0,0,0,0,0,0
16010,死神咒环,24,151,16010,3,6,6,1,2,20000,死神专用指环，弥漫着死亡的气息,35,0,0,0,0,0,226,0,0,0,0,127,0,0,0,0,0,0,0,0,0,0,0,0,0,0
16011,残暴指环,24,172,16011,3,6,6,1,2,25000,血红色的指环，破坏力惊人,40,0,0,0,0,0,253,0,0,0,0,143,0,0,0,0,0,0,0,0,0,0,0,0,0,0
16012,暴烈指环,30,250,16012,4,6,6,1,2,35000,魔法加持的指环，具有爆炸性的力量,40,0,0,0,0,0,350,0,0,0,0,200,0,0,0,0,0,0,0,0,0,0,0,0,0,0
16013,光芒戒指,30,197,16013,3,6,6,1,2,30000,圣光加持的指环，充满正义的力量,45,0,0,0,0,0,284,0,0,0,0,161,0,0,0,0,0,0,0,0,0,0,0,0,0,0
16014,烈焰戒指,36,280,16014,4,6,6,1,2,45000,烈焰加持的指环，发出的烈焰似乎能燃烧一切,45,0,0,0,0,0,388,0,0,0,0,222,0,0,0,0,0,0,0,0,0,0,0,0,0,0
16015,深渊之戒,36,223,16015,3,6,6,1,2,40000,传说中深渊之主所用指环，蕴含深渊气息,50,0,0,0,0,0,317,0,0,0,0,180,0,0,0,0,0,0,0,0,0,0,0,0,0,0
16016,地狱之戒,43,313,16016,4,6,6,1,2,55000,来自地狱的指环，指环中封印无数冤魂,50,0,0,0,0,0,429,0,0,0,0,246,0,0,0,0,0,0,0,0,0,0,0,0,0,0
16017,狩猎者之锐,43,346,16017,4,6,6,1,2,65000,原本是一件普通指环，却充满了灵性,55,0,0,0,0,0,470,0,0,0,0,270,0,0,0,0,0,0,0,0,0,0,0,0,0,0
16018,冒险家之韧,50,461,16018,5,6,6,1,2,80000,冒险家所用指环，代表着勇气与探索,55,0,0,0,0,0,613,0,0,0,0,354,0,0,0,0,0,0,0,0,0,0,0,0,0,0
16019,潮汐之戒,50,381,16019,4,6,6,1,2,75000,蕴含着潮汐之力的指环,60,0,0,0,0,0,514,0,0,0,0,296,0,0,0,0,0,0,0,0,0,0,0,0,0,0
16020,海洋之触,60,502,16020,5,6,6,1,2,100000,蕴含着海洋之力的指环,60,0,0,0,0,0,666,0,0,0,0,385,0,0,0,0,0,0,0,0,0,0,0,0,0,0
16021,无尽指环,60,421,16021,4,6,6,1,2,85000,来自无尽空间的指环，似乎穿越空间,65,0,0,0,0,0,563,0,0,0,0,325,0,0,0,0,0,0,0,0,0,0,0,0,0,0
16022,永恒指环,70,548,16022,5,6,6,1,2,125000,来历神秘的指环，蕴含着未知的力量,65,0,0,0,0,0,723,0,0,0,0,418,0,0,0,0,0,0,0,0,0,0,0,0,0,0
16023,霸主之戒,80,596,16023,5,6,6,1,2,150000,三界霸主所用指环，绝对臣服的象征,70,0,0,0,0,0,783,0,0,0,0,453,0,0,0,0,0,0,0,0,0,0,0,0,0,0
16024,王者之戒,100,849,16024,6,6,6,1,2,250000,王者所用指环，内含宇宙最神秘莫测之力,70,0,0,0,0,0,1099,0,0,0,0,639,0,0,0,0,0,0,0,0,0,0,0,0,0,0
16025,75级紫色戒指,100,1000,1,5,6,6,1,2,15000,装备,75,0,0,0,0,0,843,0,0,0,0,489,0,0,0,0,0,0,0,0,0,0,0,0,0,0
16026,75级橙色戒指,110,1000,1,6,6,6,1,2,15000,装备,75,0,0,0,0,0,1232,0,0,0,0,717,0,0,0,0,0,0,0,0,0,0,0,0,0,0
16027,80级紫色戒指,110,1000,1,5,6,6,1,2,16000,装备,80,0,0,0,0,0,909,0,0,0,0,528,0,0,0,0,0,0,0,0,0,0,0,0,0,0
16028,80级橙色戒指,120,1000,1,6,6,6,1,2,16000,装备,80,0,0,0,0,0,1371,0,0,0,0,798,0,0,0,0,0,0,0,0,0,0,0,0,0,0
16029,85级紫色戒指,120,1000,1,5,6,6,1,2,17000,装备,85,0,0,0,0,0,980,0,0,0,0,569,0,0,0,0,0,0,0,0,0,0,0,0,0,0
16030,85级橙色戒指,130,1000,1,6,6,6,1,2,17000,装备,85,0,0,0,0,0,1524,0,0,0,0,889,0,0,0,0,0,0,0,0,0,0,0,0,0,0
16031,90级紫色戒指,130,1000,1,5,6,6,1,,18000,装备,90,0,0,0,0,0,1050,0,0,0,0,610,0,0,0,0,0,0,0,0,0,0,0,0,0,0
16032,90级橙色戒指,140,1000,1,6,6,6,1,,18000,装备,90,0,0,0,0,0,1683,0,0,0,0,981,0,0,0,0,0,0,0,0,0,0,0,0,0,0
16033,95级紫色戒指,140,1000,1,5,6,6,1,,19000,装备,95,0,0,0,0,0,1124,0,0,0,0,654,0,0,0,0,0,0,0,0,0,0,0,0,0,0
16034,95级橙色戒指,150,1000,1,6,6,6,1,,19000,装备,95,0,0,0,0,0,1857,0,0,0,0,1084,0,0,0,0,0,0,0,0,0,0,0,0,0,0
16035,100级紫色戒指,150,1000,1,5,6,6,1,,20000,装备,100,0,0,0,0,0,1204,0,0,0,0,701,0,0,0,0,0,0,0,0,0,0,0,0,0,0
16036,100级橙色戒指,160,1000,1,6,6,6,1,,20000,装备,100,0,0,0,0,0,2037,0,0,0,0,1189,0,0,0,0,0,0,0,0,0,0,0,0,0,0
17001,无极战斧,10,99,17001,4,1,1,1,2,10000,黄钻贵族专用神器！！,1,0,0,0,0,0,0,40,0,0,0,120,0,0,0,0,0,0,0,0,0,0,0,0,0,0
18001,龙啸长棍,1,215,18001,5,1,1,1,2,20000,至尊玩家才能拥有的紫色装备，霸气侧漏,1,0,0,0,0,0,171,0,0,0,0,271,0,0,0,0,0,0,0,0,0,0,0,0,0,0
18002,龙啸战靴,1,215,18002,5,4,4,1,2,20000,至尊玩家才能拥有的紫色装备，霸气侧漏,1,0,0,0,0,0,419,0,0,0,0,0,255,0,0,0,0,0,0,0,0,0,0,0,0,0
18003,龙啸头冠,1,215,18003,5,2,2,1,2,20000,至尊玩家才能拥有的紫色装备，霸气侧漏,1,0,0,0,0,0,419,0,0,0,0,0,0,255,0,0,0,0,0,0,0,0,0,0,0,0
18004,龙啸战袍,1,215,18004,5,3,3,1,2,20000,至尊玩家才能拥有的紫色装备，霸气侧漏,1,0,0,0,0,0,419,0,0,0,0,0,0,0,255,0,0,0,0,0,0,0,0,0,0,0
18005,龙啸颈链,1,215,18005,5,5,5,1,2,20000,至尊玩家才能拥有的紫色装备，霸气侧漏,1,0,0,0,0,0,1003,0,0,0,0,32,0,0,0,0,0,0,0,0,0,0,0,0,0,0
18006,龙啸指环,1,215,18006,5,6,6,1,2,20000,至尊玩家才能拥有的紫色装备，霸气侧漏,1,0,0,0,0,0,307,0,0,0,0,174,0,0,0,0,0,0,0,0,0,0,0,0,0,0
18007,碎空神斧,1,315,18007,6,1,1,1,2,30000,至尊玩家才能拥有的橙色装备，毁天灭地,1,0,0,0,0,0,237,0,0,0,0,382,0,0,0,0,0,0,0,0,0,0,0,0,0,0
18008,碎空护履,1,315,18008,6,4,4,1,2,30000,至尊玩家才能拥有的橙色装备，毁天灭地,1,0,0,0,0,0,583,0,0,0,0,0,365,0,0,0,0,0,0,0,0,0,0,0,0,0
18009,碎空之帽,1,315,18009,6,2,2,1,2,30000,至尊玩家才能拥有的橙色装备，毁天灭地,1,0,0,0,0,0,583,0,0,0,0,0,0,365,0,0,0,0,0,0,0,0,0,0,0,0
18010,碎空护甲,1,315,18010,6,3,3,1,2,30000,至尊玩家才能拥有的橙色装备，毁天灭地,1,0,0,0,0,0,583,0,0,0,0,0,0,0,365,0,0,0,0,0,0,0,0,0,0,0
18011,碎空神链,1,315,18011,6,5,5,1,2,30000,至尊玩家才能拥有的橙色装备，毁天灭地,1,0,0,0,0,0,1412,0,0,0,0,45,0,0,0,0,0,0,0,0,0,0,0,0,0,0
18012,碎空钻戒,1,315,18012,6,6,6,1,2,30000,至尊玩家才能拥有的橙色装备，毁天灭地,1,0,0,0,0,0,429,0,0,0,0,246,0,0,0,0,0,0,0,0,0,0,0,0,0,0
18013,须弥战锤,1,105,18013,4,1,1,1,2,10000,至尊玩家才能拥有的红色装备，威力无穷,1,0,0,0,0,0,0,43,0,0,0,96,0,0,0,0,0,0,0,0,0,0,0,0,0,0
18014,须弥之靴,1,105,18014,4,4,4,1,2,10000,至尊玩家才能拥有的红色装备，威力无穷,1,0,0,51,0,0,0,0,0,0,0,0,82,0,0,0,0,0,0,0,0,0,0,0,0,0
18015,须弥礼帽,1,105,18015,4,2,2,1,2,10000,至尊玩家才能拥有的红色装备，威力无穷,1,0,0,0,51,0,0,0,0,0,0,0,0,82,0,0,0,0,0,0,0,0,0,0,0,0
18016,须弥盔甲,1,105,18016,4,3,3,1,2,10000,至尊玩家才能拥有的红色装备，威力无穷,1,0,0,0,0,51,0,0,0,0,0,0,0,0,82,0,0,0,0,0,0,0,0,0,0,0
18017,须弥颈链,1,105,18017,4,5,5,1,2,10000,至尊玩家才能拥有的红色装备，威力无穷,1,0,0,0,0,0,441,0,37,0,0,0,0,0,0,0,0,0,0,0,0,0,0,0,0,0
18018,须弥指环,1,105,18018,4,6,6,1,2,10000,至尊玩家才能拥有的红色装备，威力无穷,1,0,0,0,0,0,114,0,0,0,0,61,0,0,0,0,0,0,0,0,0,0,0,0,0,0
18019,星空战锤,1,172,18013,5,1,1,1,2,10000,至尊玩家才能拥有的紫色装备，霸气侧漏,1,0,0,0,0,0,0,130,0,0,0,290,0,0,0,0,0,0,0,0,0,0,0,0,0,0
18020,星空战靴,1,172,18014,5,4,4,1,2,10000,至尊玩家才能拥有的紫色装备，霸气侧漏,1,0,0,171,0,0,0,0,0,0,0,0,274,0,0,0,0,0,0,0,0,0,0,0,0,0
18021,星空之帽,1,172,18015,5,2,2,1,2,10000,至尊玩家才能拥有的紫色装备，霸气侧漏,1,0,0,0,171,0,0,0,0,0,0,0,0,274,0,0,0,0,0,0,0,0,0,0,0,0
18022,神龙之刃,1,135,11016,4,1,1,1,2,10000,经历了神龙祝福的武器，只有集齐七颗龙珠的玩家才拥有,25,0,0,0,0,0,0,0,0,0,49,201,0,0,0,0,0,0,0,0,0,0,0,0,0,0
18023,星空战衣,1,172,18016,5,3,3,1,2,10000,至尊玩家才能拥有的紫色装备，霸气侧漏,1,0,0,0,0,171,0,0,0,0,0,0,0,0,274,0,0,0,0,0,0,0,0,0,0,0
18024,星空宝链,1,172,18017,5,5,5,1,2,10000,至尊玩家才能拥有的紫色装备，霸气侧漏,1,0,0,0,0,0,1073,0,77,0,0,0,0,0,0,0,0,0,0,0,0,0,0,0,0,0
18025,星空钻戒,1,172,18018,5,6,6,1,2,10000,至尊玩家才能拥有的紫色装备，霸气侧漏,1,0,0,0,0,0,328,0,0,0,0,186,0,0,0,0,0,0,0,0,0,0,0,0,0,0
20001,紫星剑,1,215,20001,5,1,1,1,2,20000,部分玩家才会拥有的神级武器！,20,0,50,0,0,0,0,100,0,0,0,0,200,0,0,0,0,0,0,0,0,0,0,0,0,0
20002,界王神刀,1,215,20002,6,1,1,1,2,20000,部分玩家才会拥有的神级武器！,25,0,70,0,0,0,0,200,0,0,0,0,300,0,0,0,0,0,0,0,0,0,0,0,0,0
