id,resID,leaderId,teamName,isBoss,passCrisisType,expendEnergy,passCrisisExp,passCrisisSense,passCrisisMoney,monsterIdList,dropPropsIdList,des,tempCrisis,achievement,achievementParams,monsterTeamIcon,monsterFormation,battleBeginScript,battleEndScript,group,x,y,isTalk
1,1,10001,人造人先锋小队1,0,0,1,396,26,0,0#10001#0#0#0#0,,…,0,2,80,T1,0,showStory|序章第一场战斗开始,showStory|序章第一场战斗结束,0,316.45,224.15,0
2,1,10002,人造人先锋小队2,0,0,1,792,52,0,0#10002#0#0#0#0,,…,0,2,80,T1,0,,,0,363.7,329.5,0
9000,1,10004,人造人先锋小队长,1,0,1,1188,79,0,10003#10003#10003#10004#10004#10004,,…,1,2,80,T9000,0#9001#0#0#1#0,showStory|序章剧情（特兰克斯）,showStory|序章剧情（特兰克斯后）,0,433.95,263.2,0
3,1,10005,人造人先锋队长,1,0,1,1188,79,0,0#10005#0#0#0#0,,…,0,2,80,T1,0,showStory|序章第四场战斗开始,showStory|序章第四场战斗结束,0,503.4,329.5,0
4,1,10006,人造人精英小队1,0,0,1,1188,79,0,0#10006#0#0#0#0,,…,0,2,80,T4,0,,,2,442.35,497.45,0
5,1,10007,人造人精英小队2,0,0,1,1188,79,2,0#10007#0#0#0#0,,…,0,2,80,T4,0,,,2,549.05,438.5,0
9001,1,10010,人造人精英小队长,1,0,1,1980,132,0,10008#10009#10008#10010#10010#10010,,…,1,2,80,T9001,0#9002#0#0#1#0,showStory|序章剧情（孙悟空）,showStory|序章剧情（孙悟空后）,2,652.2,465.05,0
6,1,9006,人造人精英队长,1,0,1,1980,132,0,0#9006#0#9007#9007#9007,,…,0,2,80,T4,0#9005#0#0#1#0,showStory|序章剧情（新伙伴）,showStory|序章剧情（新伙伴后）,2,676.75,347,0
7,1,10011,人造人追击部队1,0,0,1,2376,158,0,0#10011#0#0#10012#0,,…,0,2,80,T10,0,,,4,795.4,306.5,0
8,1,10013,人造人追击部队2,0,0,1,2376,158,0,0#10013#0#0#10014#0,,…,0,2,80,T10,0,,,4,817.4,172.35,0
9002,1,10015,人造人Z,1,3,1,2376,158,0,0#10015#0#0#0#0,,…,1,6,4,T9002,9004#9003#0#0#1#0,showStory|序章剧情（与人造人Z的战斗前）,showStory|序章剧情（与人造人Z的战斗后）,4,925.8,451.15,0
9,1,10014,人造人追击队长,1,0,1,2772,184,0,0#10011#0#0#10014#0,,…,0,2,60,T12,0,,,4,936.5,239.35,0
10,2,10016,森林野兽1,0,0,1,3168,211,0,0#10016#0#0#10016#0,,…,0,2,80,T13,0,,,12,362.95,359.4,0
11,2,10017,森林野兽2,0,0,1,3168,211,0,0#10017#0#0#10016#0,,…,0,2,80,T14,0,,,12,347.25,469.25,0
12,2,10019,狼群头领,1,0,1,3564,237,0,0#10018#0#0#10019#0,,…,0,2,80,T17,0,,,12,491.15,543.35,0
13,2,10020,孙悟空,1,0,1,3960,264,0,0#10020#0#0#0#0,,…,0,2,50,T16,0,showStory|第一章小悟空战斗前,showStory|第一章小悟空战斗后,11,682.2,523.35,0
14,2,10021,森林野兽3,0,0,1,3960,264,0,0#10021#0#0#10022#0,,…,0,2,80,T17,0,,,6,525.2,419.15,0
15,2,10023,森林野兽4,0,0,1,4356,290,0,0#10023#0#0#10024#0,,…,0,2,80,T10,0,,,6,519.3,273.3,0
16,2,10025,巨型翼龙,1,0,1,4752,316,0,0#10025#0#0#0#0,12002,…,0,2,80,T19,0,,,6,706.62,381.25,0
17,2,10026,森林野兽5,0,0,1,4356,290,0,0#10026#0#0#10023#0,,…,0,2,80,T20,0,,,7,727.9,198.35,0
18,2,10026,森林野兽6,0,0,1,4356,290,0,0#10026#0#0#10027#0,,…,0,2,80,T21,0,,,7,870.25,227.4,0
19,2,10028,盗贼熊,1,0,1,4752,316,0,0#10023#0#0#10028#0,13002,…,0,2,80,T21,0,,,7,873.95,147.4,1
20,2,10029,龟仙人,1,3,1,4752,316,0,0#10029#0#0#0#0,,…,1,2,80,T21,0,showStory|第一章（龟仙人战斗开始对话）,showStory|第一章（龟仙人战斗结束对话）,8,1021.9,398.4,1
21,3,10030,小镇护卫队1,0,0,1,4752,316,0,0#10030#0#0#10031#0,,…,0,2,70,T24,0,,,9,171.85,516.75,0
22,3,10032,小镇护卫队2,0,0,1,5148,343,0,0#10032#0#0#10033#0,,…,0,2,70,T25,0,,,9,319.9,534.85,0
23,3,10034,小镇护卫队3,0,0,1,5544,369,0,0#10034#0#0#10036#0,,…,0,2,70,T26,0,,,9,347.4,415.9,0
24,3,10038,小镇护卫队长,1,0,1,5544,369,0,0#10035#0#0#10038#0,14002,…,0,2,70,T21,0,,,9,471.55,373.7,0
25,3,10039,乌龙小分队1,0,0,1,5544,369,0,0#10039#0#0#10040#0,,…,0,2,70,T28,0,,,10,614.4,429.55,0
26,3,10039,乌龙小分队2,0,0,1,5940,396,0,0#10039#0#0#10042#0,,…,0,2,70,T21,0,,,10,746.05,451.25,0
27,3,10042,乌龙小分队3,0,0,1,5940,396,0,0#0#0#10042#10042#0,,…,0,2,70,T21,0,,,10,868.85,362.05,0
28,3,10043,变身怪兽,1,0,1,5940,396,0,0#10043#0#0#10045#0,,…,0,2,70,T31,0,,,10,1030.6,439.55,0
29,3,10046,乌龙小分队4,0,0,1,5940,396,0,0#10046#0#0#10047#0,,…,0,2,70,T32,0,,,11,776.4,255.4,0
30,3,10048,乌龙小分队5,0,0,1,6480,432,0,0#0#0#10047#10048#0,,…,0,2,70,T33,0,,,11,674.75,200.05,0
31,3,10050,乌龙小分队6,0,0,1,6912,460,0,0#0#0#10049#10050#0,,…,0,2,70,T34,0,,,11,548.1,184.45,0
32,3,10051,乌龙,1,0,1,6912,460,0,0#10048#0#0#10051#0,,…,0,2,70,T34,0,showStory|第一章乌龙,showStory|第一章乌龙战斗后,11,357.45,200.05,0
33,4,10052,沙漠强盗团1,0,0,1,6912,460,0,0#10052#0#10053#0#10053,,…,0,2,70,T34,0,,,12,122.95,571.8,0
34,4,10054,沙漠强盗团2,0,0,1,6912,460,0,0#10054#0#0#10055#10055,,…,0,2,70,T37,0,,,12,192.25,487.9,0
35,4,10056,沙漠强盗团3,0,0,1,7344,489,0,0#10056#0#10057#0#10057,,…,0,2,70,T38,0,,,12,252.25,375.1,0
36,4,10056,沙漠强盗团4,0,0,1,7344,489,0,0#10056#0#10057#10057#0,,…,0,2,70,T38,0,,,12,159.6,311.6,0
37,4,10059,乐平,1,0,1,7776,518,0,0#10058#10059#10060#0#0,,…,0,2,70,T34,0,showStory|第一章沙漠乐平,showStory|第一章沙漠乐平战斗后,12,363.9,165.25,0
38,4,10061,火焰山强盗团1,0,0,1,7344,489,0,10061#10061#0#0#10062#0,,…,0,2,70,T34,0,,,13,539.2,181.25,0
39,4,10063,火焰山强盗团2,0,0,1,7776,518,0,0#10061#0#10063#0#10063,,…,0,2,70,T42,0,,,13,746.4,202.7,0
40,4,10064,火焰山强盗团3,0,0,1,7776,518,0,0#10064#0#0#10061#10063,,…,0,2,70,T43,0,,,13,905.2,202.7,0
41,4,10065,火焰山强盗团4,0,0,1,7776,518,0,0#10058#0#0#10063#10065,,…,0,2,70,T44,0,,,13,839.05,315.36,0
42,4,10066,琪琪,1,0,1,8208,547,0,0#0#0#10060#10059#10066,,…,0,2,70,T44,0,,,13,965.9,341.4,0
43,4,10067,牛魔王,1,0,1,8640,576,0,0#10067#0#10068#10069#0,12004,…,0,2,70,T44,0,showStory|第一章牛魔王战斗前,chapterShow|101,14,1057.05,487.9,1
44,5,10070,兔子团巡逻队1,0,0,1,8640,576,0,10070#0#0#10070#10070#0,,…,0,2,70,T47,0,,,14,209.95,485.7,0
45,5,10071,兔子团巡逻队2,0,0,1,8640,576,0,0#10070#0#0#10071#10070,,…,0,2,70,T48,0,,,14,358.45,472.85,0
46,5,10070,兔子团巡逻队3,0,0,1,9072,604,0,0#10070#0#10071#0#10071,,…,0,2,70,T49,0,,,14,168.95,372,0
47,5,10074,兔子团巡逻队4,0,0,1,9072,604,0,0#10072#0#0#10073#10074,,…,0,2,70,T50,0,,,14,231.1,285.45,0
48,5,10075,兔人参,1,0,1,9504,633,0,0#10075#0#10072#0#10074,13004,…,0,2,70,T51,0,showStory|第一章兔人参,showStory|第一章兔人参战斗后,14,319.75,225.55,0
49,5,10078,蛋炒饭行动组1,0,0,1,9504,633,0,0#10076#0#10077#10078#0,,…,0,2,70,T51,0,,,15,681.8,499.7,0
50,5,10076,蛋炒饭行动组2,0,0,1,9936,662,0,0#10076#0#10076#10076#0,,…,0,2,70,T53,0,,,15,815.9,398.5,0
51,5,10081,蛋炒饭行动组3,0,0,1,9936,662,0,0#10080#0#10078#10081#0,,…,0,2,70,T54,0,,,15,903.55,335.4,0
52,5,10079,蛋炒饭行动组4,0,0,1,9936,662,0,0#10081#0#10078#10079#0,,…,0,2,70,T55,0,,,15,1030.7,310.25,0
53,5,10082,皮拉夫,1,0,1,9936,662,0,0#0#0#10079#10082#10081,14004,…,0,2,70,T55,0,,,15,964.55,205.4,1
54,5,10083,巨猿,1,3,1,10368,691,0,0#10083#0#0#0#0,,…,1,6,3,T57,0,showStory|第一章悟空大变身战斗前,showStory|第一章悟空大变身战斗后,16,1101.3,443.35,0
55,6,10084,警察小队1,0,0,1,10800,720,,0#10084#0#10085#0#10086,,…,0,2,70,T58,,,,17,60.2,440.3,0
56,6,10087,警察小队2,0,0,1,10800,720,,0#10087#0#10088#10085#0,,…,0,2,70,T59,,,,17,178.6,467.55,0
57,6,10089,警察小队长,1,0,1,11232,748,,0#10089#0#10090#10091#0,,…,0,2,70,T59,,,,17,266.5,365.65,0
58,6,10092,兰琪,1,0,1,11232,748,,10090#10089#0#0#10092#0,,…,0,6,5,T59,,,,17,471.15,382.15,1
59,2,10093,森林猛兽1,0,0,1,11232,748,,0#10093#0#10094#10095#0,,…,0,2,70,T59,,,,18,165.6,325.85,0
60,2,10096,森林猛兽2,0,0,1,11232,748,,0#10096#0#10097#0#10098,,…,0,2,70,T63,,,,18,76.95,252.9,0
61,2,10099,森林猛兽3,0,0,1,11664,777,,10099#10100#0#0#10098#0,,…,0,2,70,T64,,,,18,215.6,209.1,0
62,2,10103,霸王龙,0,0,1,11664,777,,0#10102#0#0#10103#0,,…,0,6,4,T65,,,,18,437.6,198.45,0
63,2,10021,森林猛兽4,1,0,1,12096,806,,0#10021#10097#0#10099#0,,…,0,2,70,T66,,,,18,623.3,266.9,0
64,2,10104,小林,1,0,1,12096,806,,0#0#0#0#10104#0,,…,0,1,2,T67,,showStory|龟仙岛小林战斗,showStory|龟仙岛小林战斗后,18,790.9,149.9,0
65,6,10105,黑绸军小队1,0,0,1,12096,806,,0#10105#10106#0#0#10107,,…,0,2,70,T68,,,,19,856.5,436.55,0
66,6,10106,黑绸军小队2,0,0,1,12096,806,,10106#0#0#10108#10105#0,,…,0,2,70,T66,,,,19,956.9,508.9,0
67,6,10109,黑绸军小队3,0,0,1,12096,806,,0#0#10109#0#10110#10111,,…,0,2,70,T67,,,,19,906.2,325.85,0
68,6,10112,黑绸军小队4,0,0,1,12096,806,,0#0#10112#0#10113#10114,,…,0,2,70,T68,,,,19,1087.85,453.8,0
69,6,10117,黑绸军小队长,1,0,1,12528,835,,0#10115#10116#0#10117#0,12007,…,0,2,70,T65,,,,19,995.2,382.15,0
70,7,10119,黑绸军探宝小队1,0,0,1,12528,835,,0#10116#0#10118#10119#0,,…,0,2,70,T67,,,,20,92.25,523.7,0
71,7,10120,黑绸军探宝小队2,0,0,1,12528,835,,0#0#0#10119#10120#10121,,…,0,2,70,T67,,,,20,198.6,568.45,0
72,7,10123,黑绸军探宝小队3,0,0,1,12528,835,,0#10118#0#10122#10123#0,,…,0,2,70,T75,,,,20,316.9,581.75,0
73,7,10116,黑绸军探宝小队4,0,0,1,12528,835,,0#10124#10116#0#10123#0,,…,0,2,70,T67,,,,20,449.9,582.6,0
74,7,10126,黑绸军探宝小队5,0,0,1,12528,835,,10115#0#10125#10126#0#10127,,…,0,2,70,T68,,,,20,569.2,574.75,0
75,7,10131,海盗机器人,1,0,1,12960,864,,0#10128#10129#10130#10131#0,13007,…,0,2,70,T66,,,,20,728.4,562.5,0
76,7,10134,黑绸军探宝小队6,0,0,1,12960,864,,10128#0#10132#10133#0#10134,,…,0,2,70,T65,,,,21,161.65,393.45,0
77,7,10130,黑绸军探宝小队7,0,0,1,12960,864,,10130#10132#10135#0#10136#0,,…,0,2,70,T67,,,,21,284.3,432.8,0
78,7,10140,黑绸军探宝小队8,0,0,1,13392,892,,10137#10138#0#10139#10140#0,,…,0,2,70,T81,,,,21,247.3,311.5,0
79,7,10141,黑绸军探宝小队9,0,0,1,12960,864,,10141#10142#10143#10144#0#0,,…,0,2,70,T66,,,,21,359.9,323.4,0
80,7,10145,黑绸军探宝小队10,0,0,1,12960,864,,10145#10146#10145#0#10147#0,,…,0,2,70,T65,,,,21,436.9,385.1,0
81,7,10148,大章鱼,1,0,1,13824,921,,0#0#0#0#10148#0,15007,…,0,6,4,T68,,,,21,474.1,204.25,0
82,7,10142,黑绸军探宝小队11,0,0,1,13392,892,,10142#0#10139#0#10139#10143,,…,0,2,70,T68,,,,22,672.9,216.6,0
83,7,10137,黑绸军探宝小队12,0,0,1,13392,892,,10137#0#10138#10144#0#10149,,…,0,2,70,T67,,,,22,712.55,335.8,0
84,7,10150,黑绸军探宝小队13,0,0,1,13392,892,,0#10150#10151#0#10152#10153,,…,0,2,70,T87,,,,22,793.2,216.6,0
85,7,10154,黑绸军探宝小队14,0,0,1,13392,892,,0#10154#10155#0#10152#10156,,…,0,2,70,T88,,,,22,830.2,398.05,0
86,7,10151,黑绸军探宝小队15,0,0,1,13392,892,,0#10151#10157#0#10158#10153,,…,0,2,70,T89,,,,22,904.2,283.15,0
87,7,10159,蓝将军1,1,0,1,14256,950,,0#10159#0#10160#10152#10161,14007,…,0,2,60,T90,,,,22,1003.9,344.15,0
88,8,10162,黑绸军精英小队1,0,0,1,14256,950,,10162#0#10163#10164#0#10165,,…,0,2,70,T90,,,,23,129.9,473.05,0
89,8,10151,黑绸军精英小队2,0,0,1,14256,950,,0#10151#10157#0#10158#10153,,…,0,2,70,T92,,,,23,288.9,509.95,0
90,8,10166,黑绸军精英小队3,0,0,1,14688,979,,10166#0#10167#0#10167#10168,,…,0,2,70,T93,,,,23,438.85,464,0
91,8,10169,黑绸军精英小队4,0,0,1,14688,979,,0#10169#10170#0#10167#10168,,…,0,2,70,T88,,,,23,414.55,365.05,0
92,8,10170,黑绸军精英小队5,0,0,1,14688,979,,0#10170#10171#0#10172#10168,,…,0,2,70,T89,,,,23,296.5,319,0
93,8,10173,蓝将军2,1,0,1,15120,1008,,0#10173#0#10168#10174#10175,16007,…,0,2,70,T90,,,,23,216.85,249.35,0
94,8,10167,黑绸军精英小队6,0,0,1,14688,979,,0#10169#10170#0#10167#10168,,…,0,2,70,T88,,,,24,521.5,274.4,0
95,8,10178,黑绸军精英小队7,0,0,1,15120,1008,,10176#0#10177#10178#0#10179,,…,0,2,70,T92,,,,24,639.5,242.9,0
96,8,10180,黑绸军精英小队8,0,0,1,15120,1008,,10176#10177#0#10180#10181#0,,…,0,2,70,T99,,,,24,755.2,183.75,0
97,8,10176,黑绸军精英小队9,0,0,1,15120,1008,,0#10180#10181#0#10176#10177,,…,0,2,70,T88,,,,24,578.85,383.15,0
98,8,10185,黑绸军精英小队10,0,0,1,15120,1008,,10182#10183#10184#0#10185#0,,…,0,2,70,T89,,,,24,717.5,438.65,0
99,8,10186,阿拉蕾,1,0,1,15552,1036,,0#10186#0#0#0#0,,…,0,1,2,T90,,showStory|第二章阿拉蕾,showStory|第二章阿拉蕾战斗后,24,780.15,337.55,1
100,8,10188,黑绸军精英小队11,0,0,1,15552,1036,,10187#0#10187#10188#0#10189,,…,0,2,70,T88,,,,25,861.85,173.75,0
101,8,10192,黑绸军精英小队12,0,0,1,15552,1036,,0#10190#10191#0#10192#10193,,…,0,2,70,T92,,,,25,932.5,249.35,0
102,8,10194,黑绸军精英小队13,0,0,1,15552,1036,,10194#0#10192#0#10189#10193,,…,0,2,70,T93,,,,25,954.5,369.25,0
103,8,10194,黑绸军精英小队14,0,0,1,15552,1036,,0#10194#10191#0#10195#10196,,…,0,2,70,T106,,,,25,905.8,469.05,0
104,8,10190,黑绸军精英小队15,0,0,1,15552,1036,,0#10190#10190#0#10195#10193,,…,0,2,70,T107,,,,25,1048.45,408.9,0
105,8,10199,蓝将军3,1,0,1,15552,1036,,10197#0#10198#10189#10199#0,,…,0,2,60,T108,,,,25,1155.55,404.75,0
106,9,10200,街头组合1,0,0,1,15552,1036,,0#0#10200#10200#10201#10200,,…,0,2,70,T106,,,,26,45.25,420.9,0
107,9,10202,街头组合2,0,0,1,15552,1036,,0#10202#0#10203#10204#10203,,…,0,2,70,T110,,,,26,134.95,438.45,0
108,9,10200,街头组合3,0,0,1,15984,1065,,0#10200#0#10204#10200#10204,,…,0,2,70,T111,,,,26,146.45,303.55,0
109,9,10207,街头组合4,0,0,1,15984,1065,,0#10205#0#10206#10207#10208,,…,0,2,70,T111,,,,26,251.45,265.55,0
110,9,10205,街头混混,1,0,1,15984,1065,,0#10209#0#10206#10205#10206,,…,0,2,70,T113,,,,26,329.95,296.55,0
111,9,10210,街头流氓1,0,0,1,15984,1065,,0#10210#0#10211#10211#10211,,…,0,2,70,T114,,,,27,431.9,324.3,0
112,9,10213,街头流氓2,0,0,1,16416,1094,,0#10212#0#10213#10214#10213,,…,0,2,70,T114,,,,27,469.25,410.55,0
113,9,10217,街头流氓3,0,0,1,16416,1094,,0#10215#0#10216#10217#10216,,…,0,2,70,T116,,,,27,568.85,457.25,0
114,9,10217,街头流氓4,0,0,1,16416,1094,,0#10217#0#10212#10217#10212,,…,0,2,70,T117,,,,27,682.9,438.45,0
115,9,10216,街头流氓组,0,0,1,16416,1094,,0#10218#0#10212#10218#10216,,…,0,2,70,T118,,,,27,481.4,537.5,0
116,9,10220,警察巡逻队1,0,0,1,16416,1094,,0#10219#0#10219#10220#10219,,…,0,2,70,T119,,,,28,822.9,324.1,0
117,9,10222,警察巡逻队2,0,0,1,16848,1123,,0#10220#0#10221#10222#10221,,…,0,2,70,T120,,,,28,898.9,255.95,0
118,9,10223,警察巡逻队长,1,0,1,16848,1123,,0#10221#0#10221#10223#10221,,…,0,2,70,T121,,,,28,869.9,166.3,0
119,10,10225,武道会选手1,0,0,1,16848,1123,,0#10224#0#10224#10225#10224,,…,0,2,70,T122,,,,29,78.9,463.95,0
120,10,10227,武道会选手2,0,0,1,16848,1123,,0#10226#0#10224#10227#10224,,…,0,2,70,T123,,,,29,162.55,405.05,0
121,10,10226,武道会选手3,0,0,1,16848,1123,,0#10226#0#10224#10228#10224,,…,0,2,70,T119,,,,29,262.2,347.7,0
122,10,10226,武道会选手4,0,0,1,16848,1123,,0#10226#0#10228#10226#10228,,…,0,2,70,T120,,,,29,382.45,373,0
123,10,10229,壮汉,1,0,1,16848,1123,,0#10229#0#10228#10226#10228,,…,0,2,70,T121,,,,29,270.05,494.95,0
124,10,10231,武道会选手5,0,0,1,17280,1152,,0#10230#10230#10231#10231#10231,,…,0,2,70,T122,,,,30,144.45,240.3,0
125,10,10230,武道会选手6,0,0,1,17280,1152,,10230#10230#10232#10231#0#10231,,…,0,2,70,T128,,,,30,241.25,265.45,0
126,10,10233,武道会选手7,0,0,1,17280,1152,,10233#0#10233#10232#10234#10232,,…,0,2,70,T129,,,,30,337.45,242.7,0
127,10,10230,武道会选手8,0,0,1,17280,1152,,10230#0#10230#10235#10236#10235,,…,0,2,70,T120,,,,30,429.4,208.05,0
128,10,10237,多林寺二师兄,1,0,1,17280,1152,,10230#0#10230#10232#10237#10232,,…,0,2,70,T122,,,,30,514.25,148.05,0
129,10,10239,多林寺大师兄,1,0,1,17280,1152,,10232#0#10232#10238#10239#10238,12011,…,0,2,70,T121,,,,30,407.45,96.05,1
130,10,10241,武道会选手10,0,0,1,17712,1180,,10240#0#10240#10240#10241#10240,,…,0,2,70,T133,,,,31,505.4,391.85,0
131,10,10240,武道会选手11,0,0,1,17712,1180,,10242#0#10242#10243#10240#10243,,…,0,2,70,T120,,,,31,623.4,438.35,0
132,10,10243,武道会选手12,0,0,1,17712,1180,,10244#10244#0#10240#10243#10240,,…,0,2,70,T120,,,,31,751.9,384.45,0
133,10,10246,拳法家,1,0,1,17712,1180,,10245#0#10245#10240#10246#10240,13011,…,0,2,70,T119,,,,31,681.9,288.2,0
134,10,10249,武道会选手14,0,0,1,18144,1209,,10247#0#10247#10248#10249#10248,,…,0,2,70,T137,,,,32,804.4,439.35,0
135,10,10248,武道会选手15,0,0,1,18144,1209,,10247#0#10247#10250#10248#10250,,…,0,2,70,T138,,,,32,897.05,392.85,0
136,10,10252,武道会选手16,0,0,1,17712,1180,,0#10242#10251#10248#10252#10248,,…,0,2,70,T139,,,,32,975.4,318.8,0
137,10,10254,熊男,1,0,1,18144,1209,,10253#10254#10253#10255#0#10255,14011,…,0,2,70,T140,,,,32,1034.55,462.35,0
138,11,10256,决赛选手1,0,0,1,18144,1209,,10253#0#10253#10253#10256#10253,,…,0,2,70,T138,,,,33,34.6,355.4,0
139,11,10257,决赛选手2,0,0,1,18576,1238,,10257#0#10257#10256#10258#10256,,…,0,2,70,T139,,,,33,137.9,302.25,0
140,11,10260,巴克特里安,1,0,1,18576,1238,,10259#0#10259#10258#10260#10258,15011,…,0,2,70,T143,,showStory|巴克特里安战斗前,showStory|巴克特里安战斗后,33,133.3,426.45,1
141,11,10262,决赛选手3,0,0,1,18576,1238,,10261#0#10261#10258#10262#10258,,…,0,2,70,T138,,,,34,226.9,259.25,0
142,11,10258,决赛选手4,0,0,1,18576,1238,,10263#10263#0#10264#10258#10264,,…,0,2,70,T139,,,,34,312.55,204.95,0
143,11,10265,那木,1,0,1,18576,1238,,10263#10263#10263#0#10265#10264,16011,…,0,6,5,T146,,showStory|那木战斗前,showStory|那木战斗后,34,303.05,346.45,0
144,11,10261,决赛选手5,0,0,1,18576,1238,,10261#10261#10258#10261#10261#0,,…,0,2,70,T138,,,,35,400.55,164.6,0
145,11,10258,决赛选手6,0,0,1,18576,1238,,10259#0#10259#10256#10258#10256,,…,0,2,70,T139,,,,35,482.55,120.75,0
146,11,10267,基朗,1,0,1,19008,1267,,10261#10259#0#10266#10267#10263,11011,…,0,2,70,T149,,showStory|基朗战斗前,showStory|基朗战斗后,35,478.4,244.9,1
147,11,10268,决赛选手7,0,0,1,19008,1267,,10268#10268#10268#10269#0#10269,,…,0,2,70,T138,,,,36,219.9,533.8,0
148,11,10270,决赛选手8,0,0,1,19008,1267,,0#10268#10268#10270#10270#10270,,…,0,2,70,T139,,,,36,334.55,585.3,0
149,11,10272,兰芳,1,0,1,19008,1267,,10271#10272#10271#10264#0#10264,,…,0,6,5,T152,,showStory|兰芳战斗前,showStory|兰芳战斗后,36,325.55,478,1
150,11,10271,决赛选手9,0,0,1,19008,1267,,10271#10270#10271#10261#10270#0,,…,0,2,70,T138,,,,37,581.9,613.25,0
151,11,10268,决赛选手10,0,0,1,19008,1267,,10268#10268#10268#10258#0#10258,,…,0,2,70,T139,,,,37,668.55,568.65,0
152,11,10273,小林,1,0,1,19008,1267,,10268#0#10268#10269#10273#10269,,…,0,2,70,T155,,showStory|小林战斗前,showStory|小林战斗后,37,598.05,522.6,0
153,11,10274,决赛选手11,0,0,1,19008,1267,,10274#10275#10274#10269#0#10269,,…,0,2,70,T138,,,,38,761.2,527.45,0
154,11,10275,决赛选手12,0,0,1,19008,1267,,10275#10270#10275#10276#10270#0,,…,0,2,70,T139,,,,38,870.2,470,0
155,11,10277,乐平,1,0,1,19440,1296,,10275#10271#10275#10277#0#10278,,…,0,2,70,T158,,showStory|乐平战斗前,showStory|乐平战斗后,38,778.2,436.8,0
156,11,10271,决赛选手13,0,0,1,19008,1267,,10271#10271#0#10276#10279#10276,,…,0,2,70,T159,,,,39,931.9,436.8,0
157,11,10281,决赛选手14,0,0,1,19008,1267,,10279#0#10279#10280#10281#10280,,…,0,2,70,T160,,,,39,1024.55,379.35,0
158,11,10282,孙悟空,1,0,1,19008,1267,,0#10282#0#10283#0#0,,…,0,6,4,T160,,showStory|小悟空战斗前,showStory|小悟空战斗后,39,937.95,334.45,0
159,11,10285,秦龙,1,3,1,19872,1324,,10284#10285#10284#10286#0#10286,,…,0,2,60,T160,,showStory|秦龙战斗前,showStory|秦龙战斗后,40,520.55,402.4,0
160,24,10287,狂暴巨猿,1,3,1,20304,1353,,0#0#0#0#10287#0,,…,1,2,50,T160,,showStory|巨猿战斗前,showStory|巨猿战斗后,41,685.4,302.05,0
161,12,10289,黑绸军东部部队1,0,0,1,20304,1353,,10288#0#10288#10289#10289#10289,,…,0,2,60,T160,,,,42,352.95,491.1,0
162,12,10290,黑绸军东部部队2,0,0,1,20304,1353,,10290#10288#10290#10289#0#10289,,…,0,2,60,T160,,,,42,426.45,399.65,0
163,12,10292,黑绸军东部部队3,1,0,1,20304,1353,,10290#10290#0#10291#10292#10291,,…,0,2,60,T160,,,,42,462.4,299.8,0
164,12,10291,黑绸军东部部队4,0,0,1,20304,1353,,10288#10291#10288#10291#0#10291,,…,0,2,60,T160,,,,43,566.4,226.45,0
165,12,10295,黑绸军东部部队5,0,0,1,20736,1382,,10293#0#10293#10295#10294#10295,,…,0,2,60,T160,,,,43,659.4,241.95,0
166,12,10297,黑绸军东部部队6,1,0,1,20736,1382,,10296#10296#10296#10297#0#10297,,…,0,2,60,T160,,,,43,752.05,288.45,0
167,12,10298,黑绸军东部部队7,0,0,1,21168,1411,,10298#0#10298#10299#10299#10299,,…,0,2,60,T160,,,,44,470.4,527.4,0
168,12,10300,黑绸军东部部队8,0,0,1,21168,1411,,10300#0#10300#10301#10302#10301,,…,0,2,60,T160,,,,44,596.9,525.4,0
169,12,10301,黑绸军东部部队9,1,0,1,21168,1411,,10301#10300#10301#0#10298#10298,,…,0,2,60,T160,,,,44,685.4,453.1,0
170,12,10298,黑绸军东部部队10,0,0,1,21168,1411,,10301#10300#10301#10298#0#10298,,…,0,2,60,T160,,,,45,792.05,384.1,0
171,12,10300,黑绸军东部部队11,0,0,1,21168,1411,,10300#10300#10300#10298#10298#0,,…,0,2,60,T160,,,,45,884.7,317.75,0
172,12,10304,银大佐,1,0,1,21168,1411,,10303#10304#10303#10305#0#10305,,…,0,2,50,T160,,,,45,999.85,317.75,0
173,13,10300,黑绸军驻地部队1,0,0,1,21168,1411,,0#10300#10300#10301#10298#10298,,…,0,2,60,T160,,,,46,135.45,504.9,0
174,13,10306,黑绸军驻地部队2,0,0,1,21600,1440,,10306#10306#0#10307#10307#10308,,…,0,2,60,T160,,,,46,248.45,438.45,0
175,13,10309,黑绸军驻地部队3,1,0,1,21600,1440,,10309#10309#10309#10310#0#10310,,…,0,2,60,T160,,,,46,341.1,504.9,0
176,13,10306,黑绸军驻地部队4,0,0,1,21600,1440,,10306#10306#10306#10310#10310#10310,,…,0,2,60,T160,,,,47,421.1,409.25,0
177,13,10311,黑绸军驻地部队5,0,0,1,27000,1800,,10306#10306#10306#10311#10306#10311,,…,0,2,60,T160,,,,47,479.55,525.9,0
178,13,10312,铁军曹,1,0,1,27000,1800,,10308#10312#10308#10306#10306#10306,,…,0,2,50,T160,,,,47,557.9,446.6,0
179,13,10313,黑绸军驻地部队6,0,0,1,27540,1836,,10313#10314#10313#10314#10314#10314,,…,0,2,60,T160,,,,48,490.4,288,0
180,13,10315,黑绸军驻地部队7,0,0,1,27540,1836,,10313#10313#10313#10315#10316#10316,,…,0,2,60,T160,,,,48,613.4,230.2,0
181,13,10318,黑绸军驻地部队8,1,0,1,27540,1836,,10317#10318#10317#10319#10318#10319,,…,0,2,60,T160,,,,48,765.4,281.55,0
182,13,10320,黑绸军驻地部队9,0,0,1,27540,1836,,10318#10318#10318#10320#10318#10320,,…,0,2,60,T160,,,,49,678.05,477.1,0
183,13,10318,黑绸军驻地部队10,0,0,1,27540,1836,,10318#10318#10318#10313#10313#10313,,…,0,2,60,T160,,,,49,765.4,376.35,0
184,13,10321,紫曹长,1,0,1,27540,1836,,10318#10318#10318#10313#10321#10313,,…,0,2,50,T160,,,,49,652.9,358.25,0
185,14,10322,黑绸军驻地部队11,0,0,1,27540,1836,,10322#10323#10322#10324#10322#10324,,…,0,2,60,T160,,,,50,133.3,548.9,0
186,14,10322,黑绸军驻地部队12,0,0,1,28080,1872,,10322#10323#10322#10324#10323#10324,,…,0,2,60,T160,,,,50,232.45,571.45,0
187,14,10312,铁军曹,1,0,1,27000,1800,,10322#10322#10322#10322#10312#10322,,…,0,2,50,T160,,,,50,191.45,451.8,0
188,14,10323,黑绸军驻地部队14,0,0,1,28080,1872,,10323#10322#10325#10322#10324#10322,,…,0,2,60,T160,,,,51,319.75,524.35,0
189,14,10324,黑绸军驻地部队15,0,0,1,28080,1872,,10324#10324#10324#10326#10326#10326,,…,0,2,60,T160,,,,51,406.55,563.45,0
190,14,10327,人造人8号,1,0,1,28080,1872,,10322#10327#10322#10324#10324#10324,,…,0,2,50,T160,,,,51,513.9,556,0
191,14,10328,黑绸军驻地部队16,0,0,1,28080,1872,,10322#10324#10322#10328#10322#10328,,…,0,2,60,T160,,,,52,288.45,374.2,0
192,14,10323,黑绸军驻地部队17,0,0,1,28080,1872,,10323#10323#10323#10326#10326#10326,,…,0,2,60,T160,,,,52,383.45,398.8,0
193,14,10321,紫曹长,1,0,1,27540,1836,,10323#10321#10323#10326#10324#10326,,…,0,2,50,T160,,,,52,364.9,301,0
194,14,10323,黑绸军驻地部队18,0,0,1,28080,1872,,10323#10323#10323#10328#10326#10326,,…,0,2,60,T160,,,,53,557.4,428.7,0
195,14,10326,黑绸军驻地部队19,0,0,1,28080,1872,,10322#10323#10322#10328#10326#10326,,…,0,2,60,T160,,,,53,650.05,504.05,0
196,14,10329,布幽,1,0,1,28080,1872,,10322#10329#10322#10328#10326#10328,,…,0,2,60,T160,,,,53,744.5,437.35,1
197,14,10323,黑绸军驻地部队20,0,0,1,28080,1872,,10322#10323#10322#10328#10323#10326,,…,0,2,60,T160,,,,54,495.25,241,0
198,14,10330,黑绸军驻地部队21,0,0,1,28080,1872,,10322#10323#10322#10330#10330#10322,,…,0,2,60,T160,,,,54,576.4,196.95,0
199,14,10326,黑绸军驻地部队22,0,0,1,28080,1872,,10323#10322#10323#10330#10326#10330,,…,0,2,60,T160,,,,54,690.55,218,0
200,14,10326,黑绸军驻地部队23,0,0,1,28080,1872,,10326#10322#10326#10330#10326#10330,,…,0,2,60,T160,,,,54,778.4,248,0
201,14,10331,白将军,1,0,1,28080,1872,,10322#10322#10322#10330#10331#10330,,…,0,2,50,T160,,,,54,871.05,219.95,0
202,15,10332,黑绸军总部部队1,0,0,1,28620,1908,,10332#10333#10332#10334#10332#10334,,…,0,2,60,T160,,,,55,144.9,476.4,0
203,15,10333,黑绸军总部部队2,0,0,1,28620,1908,,10333#10335#10335#10333#10335#10335,,…,0,2,60,T160,,,,55,149.35,578.4,0
204,15,10335,黑绸军总部部队3,1,0,1,28620,1908,,10333#10336#10333#10335#10333#10335,,…,0,2,60,T160,,,,55,281.4,429.55,0
205,15,10335,黑绸军总部部队4,0,0,1,28620,1908,,10334#10334#10336#10335#10335#10336,,…,0,2,60,T160,,,,56,242.7,556.2,0
206,15,10336,黑绸军总部部队5,0,0,1,28620,1908,,10336#10333#10333#10336#10332#10332,,…,0,2,60,T160,,,,56,340.45,522.3,0
207,15,10339,黄上校,1,0,1,28620,1908,,10336#10336#10332#10332#10339#10332,,…,0,2,60,T160,,,,56,443.6,528.05,0
208,15,10342,圣地守卫部队1,0,0,1,29160,1944,,10340#10341#10340#10342#10342#10342,,…,0,2,60,T160,,,,57,580.2,445.2,0
209,15,10341,圣地守卫部队2,0,0,1,29160,1944,,10340#10341#10340#10342#10342#10342,,…,0,2,60,T160,,,,57,580.2,541.4,0
210,15,10342,圣地守卫部队3,0,0,1,29160,1944,,10340#10341#10340#10342#10342#10342,,…,0,2,60,T160,,,,57,715.5,545.05,0
211,15,10340,圣地守卫部队4,0,0,1,29160,1944,,10340#10341#10340#10342#10342#10342,,…,0,2,60,T160,,,,58,861.8,550.85,0
212,15,10342,圣地守卫部队5,0,0,1,29160,1944,,10340#10341#10340#10342#10342#10342,,…,0,2,60,T160,,,,58,818.9,445.2,0
213,15,10346,波拉,1,0,1,29160,1944,,10341#10346#10341#10342#10340#10342,,…,0,2,60,T160,,,,58,717.45,418.4,0
214,15,10351,黑绸军总部部队6,0,0,1,29160,1944,,10349#10349#10349#10350#10351#10350,,…,0,2,60,T160,,,,59,891.15,370.65,0
215,15,10352,黑绸军总部部队7,0,0,1,29160,1944,,10352#10344#10344#10352#10344#10344,,…,0,2,60,T160,,,,59,791.9,317.6,0
216,15,10344,黑绸军总部部队8,0,0,1,29160,1944,,10344#10344#10352#10344#10344#10352,,…,0,2,60,T160,,,,59,983.55,298,0
217,15,10353,黑绸军总部部队9,0,0,1,29160,1944,,10353#10351#10353#10353#10351#10353,,…,0,2,60,T160,,,,59,872.55,250.35,0
218,15,10353,黑绸军总部部队10,0,0,1,29160,1944,,10353#10351#10353#10353#10351#10353,,…,0,2,60,T160,,,,59,1035.15,202.1,0
219,15,10354,桃白白,1,0,1,29160,1944,,10343#10351#10343#10348#10354#10348,,…,0,2,60,T160,,,,59,942.5,181.85,1
220,16,10342,圣地守卫部队6,0,0,1,29700,1980,,10340#10341#10340#10342#10342#10342,,…,0,2,60,T160,,,,60,331.25,307.75,0
221,16,10340,圣地守卫部队7,0,0,1,29700,1980,,10340#10341#10340#10342#10342#10342,,…,0,2,60,T160,,,,60,437.55,339.55,0
222,16,10342,圣地守卫部队8,0,0,1,29700,1980,,10340#10341#10340#10342#10342#10342,,…,0,2,60,T160,,,,60,437.55,235.75,0
223,16,10341,圣地守卫部队9,0,0,1,29700,1980,,10340#10341#10340#10342#10342#10342,,…,0,2,60,T160,,,,60,523.1,270.5,0
224,16,10342,圣地守卫部队10,0,0,1,29700,1980,,10340#10341#10340#10342#10342#10342,,…,0,2,60,T160,,,,60,621.85,307.75,0
225,16,10361,加林仙人,1,0,1,29700,1980,,10341#10341#10341#10340#10340#10361,31017,…,0,1,5,T160,,,,60,712.65,195.85,0
226,17,10355,黑绸军总部驻军1,0,0,1,29700,1980,,10357#10357#10357#10362#10355#10355,,…,0,2,60,T160,,,,61,127.3,492.2,0
227,17,10360,黑绸军总部驻军2,0,0,1,29700,1980,,10360#10360#10357#10360#10360#10357,,…,0,2,60,T160,,,,61,249.6,549.7,0
228,17,10355,黑绸军总部驻军3,0,0,1,29700,1980,,10355#10355#10363#10355#10355#10363,,…,0,2,60,T160,,,,61,309.9,485.6,0
229,17,10364,黄上校,1,0,1,29700,1980,,10363#10363#10363#10358#10364#10358,,…,0,2,60,T160,,,,61,204.95,396.55,0
230,17,10355,黑绸军总部驻军4,0,0,1,29700,1980,,10362#10363#10362#10355#10355#10355,,…,0,2,60,T160,,,,62,369.95,575.9,0
231,17,10362,黑绸军总部驻军5,0,0,1,29700,1980,,10363#10363#10362#10355#10355#10362,,…,0,2,60,T160,,,,62,462.6,501.85,0
232,17,10363,黑绸军总部驻军6,0,0,1,29700,1980,,10363#10363#10363#10362#10355#10355,,…,0,2,60,T160,,,,62,543.35,580.45,0
233,17,10365,蓝将军,1,0,1,29700,1980,,10355#10362#10355#10355#10365#10355,,…,0,2,60,T160,,,,62,566.15,443.95,0
234,17,10366,黑绸军总部驻军7,0,0,1,29700,1980,,10366#10366#10366#10362#10360#10360,,…,0,2,60,T160,,,,63,352.6,367.6,0
235,17,10362,黑绸军总部驻军8,0,0,1,29700,1980,,10366#10366#10366#10362#10360#10362,,…,0,2,60,T160,,,,63,390.55,441.65,0
236,17,10360,黑绸军总部驻军9,0,0,1,29700,1980,,10366#10366#10366#10360#10360#10360,,…,0,2,60,T160,,,,63,435.15,325.6,0
237,17,10358,黑绸军总部驻军10,0,0,1,29700,1980,,10366#10366#10366#10360#10358#10360,,…,0,2,60,T160,,,,63,473.4,395.3,0
238,17,10369,白将军,1,0,1,30240,2016,,10367#10368#10368#10369#10370#10370,,…,0,2,60,T160,,,,63,551.15,311.25,0
239,17,10371,黑绸军总部驻军11,0,0,1,30240,2016,,10368#10368#10368#10371#10370#10371,,…,0,2,60,T160,,,,64,613,389.7,0
240,17,10370,黑绸军总部驻军12,0,0,1,30240,2016,,10368#10368#10368#10372#10371#10370,,…,0,2,60,T160,,,,64,671.8,468.2,0
241,17,10370,黑绸军总部驻军13,0,0,1,30240,2016,,10373#10373#10373#10372#10371#10370,,…,0,2,60,T160,,,,64,769.9,537.55,0
242,17,10371,黑绸军总部驻军14,0,0,1,30240,2016,,10374#10374#10374#10371#10371#10371,,…,0,2,60,T160,,,,64,748.3,406.9,0
243,17,10383,青副官,1,0,1,30780,2052,,10375#10376#10375#10377#10383#10377,,…,0,2,60,T160,,,,64,760.9,315.2,0
244,17,10378,黑绸军总部驻军15,0,0,1,30780,2052,,10375#10376#10375#10377#10378#10377,,…,0,2,60,T160,,,,65,867.55,269.3,0
245,17,10375,黑绸军总部驻军16,0,0,1,30780,2052,,10375#10376#10375#10377#10378#10377,,…,0,2,60,T160,,,,65,954.9,315.2,0
246,17,10386,机械青副官,1,0,1,30780,2052,,10376#10386#10376#10377#10378#10377,,…,0,2,60,T160,,,,65,973.75,216.55,0
247,17,10379,黑绸军总部驻军17,0,0,1,30780,2052,,10379#10376#10379#10377#10379#10377,,…,0,2,60,T160,,,,66,664.25,200.1,0
248,17,10379,黑绸军总部驻军18,0,0,1,30780,2052,,10379#10376#10379#10376#10379#10376,,…,0,2,60,T160,,,,66,636,102.35,0
249,17,10379,黑绸军总部驻军19,0,0,1,30780,2052,,10375#10376#10375#10376#10379#10376,,…,0,2,60,T160,,,,66,720.9,119.25,0
250,17,10384,白将军,0,0,1,30780,2052,,10380#10381#10382#10382#10383#10384,,…,0,2,50,T160,,,,66,792.25,161.95,0
251,17,10383,青副官,1,0,1,31320,2088,,10385#10385#10385#10385#10383#10388,31017,…,0,2,50,T160,,,,66,891.4,109.4,0
252,18,10391,挑战者1,0,0,1,31320,2088,,10389#10390#10389#10391#10391#10391,,…,0,2,50,T160,,,,67,80.95,428.75,0
253,18,10393,挑战者2,0,0,1,31320,2088,,10392#10392#10392#10393#10393#10393,,…,0,2,50,T160,,,,67,104.95,555.4,0
254,18,10394,挑战者3,0,0,1,31320,2088,,10392#10390#10394#10391#10391#10394,,…,0,2,50,T160,,,,67,298.6,609.4,0
255,18,10395,挑战者4,0,0,1,31320,2088,,10392#10390#10392#10395#10394#10394,,…,0,2,50,T160,,,,67,375.25,575.05,0
256,18,10398,蝙蝠人,1,0,1,31860,2124,,10396#10396#10396#10397#10398#10397,,…,0,2,50,T160,,,,67,197.6,431.6,1
257,18,10400,挑战者5,0,0,1,31860,2124,,10399#10397#10397#10400#10400#10400,,…,0,2,50,T160,,,,68,369.6,457.75,0
258,18,10401,挑战者6,0,0,1,31860,2124,,10399#10397#10397#10401#10401#10401,,…,0,2,50,T160,,,,68,442.9,413.75,0
259,18,10401,挑战者7,0,0,1,31860,2124,,10399#10397#10399#10400#10400#10401,,…,0,2,50,T160,,,,68,436.2,324.45,0
260,18,10402,挑战者8,0,0,1,31860,2124,,10399#10397#10399#10402#10401#10401,,…,0,2,50,T160,,,,68,602.25,450.15,0
261,18,10403,透明人,1,0,1,31860,2124,,10396#10399#10396#10400#10403#10400,,…,0,2,50,T160,,,,68,526.4,387.75,0
262,18,10397,挑战者9,0,0,1,31860,2124,,10404#10397#10397#10400#10400#10397,,…,0,2,50,T160,,,,69,501.2,241.45,0
263,18,10401,挑战者10,0,0,1,31860,2124,,10404#10396#10396#10401#10401#10401,,…,0,2,50,T160,,,,69,408.55,220.8,0
264,18,10405,挑战者11,0,0,1,32400,2160,,10405#10406#10405#10407#10407#10408,,…,0,2,50,T160,,,,69,401.6,127.15,0
265,18,10408,挑战者12,0,0,1,32400,2160,,10405#10406#10405#10409#10408#10408,,…,0,2,50,T160,,,,69,214.6,214.35,0
266,18,10411,木乃伊,1,0,1,32400,2160,,10410#10410#10410#10407#10407#10411,,…,0,2,50,T160,,,,69,323.3,191.5,0
267,18,10408,挑战者13,0,0,1,32400,2160,,10405#10409#10405#10408#10408#10408,,…,0,2,50,T160,,,,70,772.75,276.1,0
268,18,10408,挑战者14,0,0,1,32400,2160,,10405#10409#10405#10408#10409#10408,,…,0,2,50,T160,,,,70,854.25,335.1,0
269,18,10409,挑战者15,0,0,1,32400,2160,,10405#10409#10405#10406#10409#10408,,…,0,2,50,T160,,,,70,721.9,403.1,0
270,18,10409,挑战者16,0,0,1,32400,2160,,10405#10410#10405#10409#10408#10408,,…,0,2,50,T160,,,,70,808.9,418.1,0
271,18,10413,地狱使者,1,0,1,32400,2160,,10405#10405#10412#10413#10412#10412,,…,0,2,50,T160,,,,70,913.5,471.5,1
272,18,10415,挑战者17,0,0,1,32940,2196,,10414#10414#10414#10415#10415#10415,,…,0,2,50,T160,,,,71,1025.55,438.4,0
273,18,10414,挑战者18,0,0,1,32940,2196,,10414#10414#10414#10415#10416#10415,,…,0,2,50,T160,,,,71,848.9,538.05,0
274,18,10419,挑战者19,0,0,1,32940,2196,,10417#10416#10418#10419#10419#10418,,…,0,2,50,T160,,,,71,1116.55,481.4,0
275,18,10420,挑战者20,0,0,1,32940,2196,,10417#10417#10419#10420#10420#10420,,…,0,2,50,T160,,,,71,977.3,538.05,0
276,18,10421,孙悟饭,1,0,1,32940,2196,,10417#10421#10414#10422#10422#10422,,…,0,2,50,T160,,,,71,1185.9,545.75,0
277,18,10416,挑战者17,0,0,1,32940,2196,,10414#10423#10414#10422#10416#10422,,…,0,2,50,T160,,,,72,840.25,205.15,0
278,18,10420,挑战者18,0,0,1,32940,2196,,10419#10419#10419#10420#10420#10420,,…,0,2,50,T160,,,,72,915.75,173.35,0
279,18,10416,挑战者19,0,0,1,32940,2196,,10419#10414#10419#10420#10416#10420,,…,0,2,50,T160,,,,72,968.6,94.15,0
280,18,10424,挑战者20,0,0,1,32940,2196,,10414#10419#10417#10424#10424#10424,,…,0,2,50,T160,,,,72,1031.75,156.15,0
281,18,10427,孙悟空,1,0,1,33480,2232,,10425#10426#10427#10428#0#10429,,…,0,1,5,T160,,,,72,1061.4,79.7,0
282,18,10432,皮拉夫一伙,1,0,1,33480,2232,,10430#0#10431#0#10432#0,31019,…,0,6,3,T160,,,,73,739.4,127.15,0
283,19,10435,武道会选手1,0,0,1,33480,2232,,10433#10434#10433#10435#10435#10435,,…,0,2,50,T160,,,,74,78.9,463.95,0
284,19,10433,武道会选手2,0,0,1,33480,2232,,10433#10434#10433#10435#10433#10435,,…,0,2,50,T160,,,,74,202.55,391.85,0
285,19,10433,武道会选手3,0,0,1,33480,2232,,10433#10434#10433#10436#10433#10436,,…,0,2,50,T160,,,,74,340.2,358.7,0
286,19,10437,莫西干头男,1,0,1,33480,2232,,10433#10437#10433#10436#10434#10436,,…,0,2,50,T160,,,,74,270.05,494.95,1
287,19,10434,武道会选手4,0,0,1,33480,2232,,10434#10434#10434#10436#10436#10434,,…,0,2,50,T160,,,,75,504.75,576.35,0
288,19,10436,武道会选手5,0,0,1,33480,2232,,10436#10434#10436#10436#10436#10434,,…,0,2,50,T160,,,,75,622.9,502,0
289,19,10436,武道会选手6,0,0,1,33480,2232,,10434#10436#10436#10434#10436#10436,,…,0,2,50,T160,,,,75,750.4,530,0
290,19,10439,壮汉,1,0,1,33480,2232,,10438#10438#10438#10434#10439#10434,,…,0,2,50,T160,,,,75,667.4,594.45,0
291,19,10440,武道会选手7,0,0,1,33480,2232,,10438#10438#10436#10436#10440#10436,,…,0,2,50,T160,,,,76,247.55,263.05,0
292,19,10443,武道会选手8,0,0,1,34020,2268,,10441#10442#10441#10442#10443#10443,,…,0,2,50,T160,,,,76,393.4,223.15,0
293,19,10443,武道会选手9,0,0,1,34020,2268,,10441#10442#10441#10443#10443#10443,,…,0,2,50,T160,,,,76,534.25,143.5,0
294,19,10446,潘普特,1,0,1,34020,2268,,10444#10445#10444#10445#10446#10445,,…,0,2,50,T160,,,,76,388.45,112.05,0
295,19,10442,武道会选手10,0,0,1,34020,2268,,10441#10442#10441#10443#10445#10443,,…,0,2,50,T160,,,,77,522.05,391.85,0
296,19,10445,武道会选手11,0,0,1,34020,2268,,10445#10442#10445#10443#10445#10443,,…,0,2,50,T160,,,,77,490.05,234.15,0
297,19,10442,武道会选手12,0,0,1,34020,2268,,10445#10442#10445#10443#10445#10443,,…,0,2,50,T160,,,,77,733.15,397.7,0
298,19,10447,柴巴王,1,0,1,34020,2268,,10445#10445#10445#10443#10447#10443,,…,0,2,50,T160,,,,77,681.9,288.2,1
299,19,10445,武道会选手13,0,0,1,34020,2268,,10445#10443#10445#10443#10445#10443,,…,0,2,50,T160,,,,78,854.65,553.45,0
300,19,10443,武道会选手14,0,0,1,34020,2268,,10442#10443#10442#10442#10445#10442,,…,0,2,50,T160,,,,78,882.4,404.3,0
301,19,10442,武道会选手15,0,0,1,34020,2268,,10445#10442#10445#10442#10445#10442,,…,0,2,50,T160,,,,78,1027.4,313.8,0
302,19,10448,熊男,1,0,1,34020,2268,,10445#10448#10445#10442#10443#10442,,…,0,2,50,T160,,,,78,999.55,473.45,0
303,20,10449,武道会选手16,0,0,1,34560,2304,,10449#10450#10449#10450#10449#10450,,…,0,2,50,T160,,,,79,41.6,508.6,0
304,20,10449,武道会选手17,0,0,1,34560,2304,,10449#10451#10449#10450#10449#10450,,…,0,2,50,T160,,,,79,124.9,550.8,0
305,20,10451,武道会选手19,0,0,1,34560,2304,,10450#10451#10450#10450#10449#10450,,…,0,2,50,T160,,,,79,61.9,355.85,0
306,20,10453,乐平,1,0,1,34560,2304,,10451#10451#10451#10450#10453#10450,,…,0,6,5,T160,,,,79,170.55,458.2,0
307,20,10449,武道会选手19,0,0,1,34560,2304,,10449#10451#10449#10450#10449#10450,,…,0,2,50,T160,,,,80,143.25,296.85,0
308,20,10449,武道会选手20,0,0,1,34560,2304,,10452#10451#10452#10450#10449#10449,,…,0,2,50,T160,,,,80,248.8,365.5,0
309,20,10449,武道会选手21,0,0,1,34560,2304,,10452#10449#10452#10450#10449#10450,,…,0,2,50,T160,,,,80,267.8,229.1,0
310,20,10454,秦龙,1,0,1,34560,2304,,10452#10449#10452#10450#10454#10450,,…,0,6,5,T160,,,,80,353.4,322.45,0
311,20,10455,武道会选手22,0,0,1,35100,2340,,10455#10456#10455#10457#10455#10457,,…,0,2,50,T160,,,,81,400.55,164.6,0
312,20,10456,武道会选手23,0,0,1,35100,2340,,10457#10456#10457#10457#10459#10457,,…,0,2,50,T160,,,,81,482.55,234.95,0
313,20,10459,武道会选手24,0,0,1,35100,2340,,10458#10456#10458#10457#10459#10457,,…,0,2,50,T160,,,,81,515.55,103.75,0
314,20,10460,饺子,1,0,1,35100,2340,,10458#10456#10458#10459#10460#10459,,…,0,6,5,T160,,,,81,608.2,171.1,0
315,20,10459,武道会选手25,0,0,1,35100,2340,,10458#10456#10458#10457#10459#10457,,…,0,2,50,T160,,,,82,298.1,501.1,0
316,20,10459,武道会选手26,0,0,1,35100,2340,,10458#10456#10458#10457#10459#10457,,…,0,2,50,T160,,,,82,383.4,543.8,0
317,20,10457,武道会选手27,0,0,1,35100,2340,,10459#10456#10459#10457#10459#10457,,…,0,2,50,T160,,,,82,608.2,599.45,0
318,20,10461,小林,1,0,1,35100,2340,,10458#10456#10458#10457#10461#10457,,…,0,6,5,T160,,,,82,493.2,530.1,0
319,20,10455,武道会选手28,0,0,1,35100,2340,,10455#10457#10455#10457#10455#10457,,…,0,2,50,T160,,,,83,616.4,485.15,0
320,20,10459,武道会选手29,0,0,1,35100,2340,,10456#10457#10456#10459#10459#10459,,…,0,2,50,T160,,,,83,725.2,555.45,0
321,20,10462,武道会选手30,0,0,1,35640,2376,,10462#10463#10462#10464#10462#10464,,…,0,2,50,T160,,,,83,817.85,495.95,0
322,20,10466,鹤仙人,1,0,1,35640,2376,,10465#10463#10465#10464#10466#10464,,…,0,6,5,T160,,,,83,700.85,428,0
323,20,10467,武道会选手31,0,0,1,35640,2376,,10462#10467#10462#10464#10462#10464,,…,0,2,50,T160,,,,84,817.85,379.35,0
324,20,10463,武道会选手32,0,0,1,35640,2376,,10462#10463#10462#10464#10462#10464,,…,0,2,50,T160,,,,84,931.9,436.8,0
325,20,10467,武道会选手33,0,0,1,35640,2376,,10462#10462#10462#10464#10467#10464,,…,0,2,50,T160,,,,84,992.55,355.85,0
326,20,10468,小悟空,1,0,1,35640,2376,,10462#10463#10462#10464#10468#10464,,…,0,6,5,T160,,,,84,894.95,294.85,0
327,20,10463,武道会选手34,0,0,1,35640,2376,,10465#10463#10465#10464#10467#10464,,…,0,2,50,T160,,,,85,466.4,405.3,0
328,20,10467,武道会选手35,0,0,1,35640,2376,,10465#10463#10464#10464#10467#10464,,…,0,2,50,T160,,,,85,565.4,351.95,0
329,20,10467,武道会选手36,0,0,1,35640,2376,,10463#10463#10463#10464#10467#10464,,…,0,2,50,T160,,,,85,646.6,309.15,0
330,20,10469,天津饭,1,0,1,35640,2376,,10463#10463#10463#10464#10469#10464,,…,0,6,5,T160,,,,85,739.25,251.85,0
331,21,10477,短笛大魔王手下1,0,0,1,36180,2412,,10473#10474#10480#10477#10477#10476,,…,0,2,40,T160,,,,86,65.95,424.4,0
332,21,10474,短笛大魔王手下2,0,0,1,36180,2412,,10480#10479#10473#10476#10474#10476,,…,0,2,40,T160,,,,86,176.95,369.75,0
333,21,10474,短笛大魔王手下3,0,0,1,36180,2412,,10476#10476#10476#10478#10474#10478,,…,0,2,40,T160,,,,86,193.65,475.4,0
334,21,10487,铃鼓,1,0,1,36720,2448,,10476#10487#10473#10474#10473#10473,,…,0,2,40,T160,,,,86,288.55,540.25,1
335,21,10471,森林野怪1,0,0,1,36180,2412,,10470#10470#10470#10471#10471#10471,,…,0,2,40,T160,,,,87,393.9,453.1,0
336,21,10471,森林野怪2,0,0,1,36180,2412,,10470#10470#10470#10471#10471#10471,,…,0,2,40,T160,,,,87,453.3,373.75,0
337,21,10472,森林野怪3,0,0,1,36180,2412,,10470#10470#10470#10471#10472#10471,,…,0,2,40,T160,,,,87,479.65,270.8,0
338,21,10475,弥次郎兵卫,1,0,1,36180,2412,,10473#10474#10473#10475#10476#10476,,…,0,2,40,T160,,,,87,560.25,209.15,0
339,21,10476,短笛大魔王手下1,0,0,1,36180,2412,,10473#10474#10473#10476#10476#10476,,…,0,2,40,T160,,,,88,462.9,526.75,0
340,21,10474,短笛大魔王手下2,0,0,1,36180,2412,,10473#10474#10473#10476#10474#10476,,…,0,2,40,T160,,,,88,560.25,518.05,0
341,21,10479,短笛大魔王手下3,0,0,1,36180,2412,,10477#10477#10477#10478#10479#10478,,…,0,2,40,T160,,,,88,686.9,530.4,0
342,21,10481,铜钹,1,0,1,36180,2412,,10480#10477#10480#10478#10481#10478,,…,0,2,40,T160,,,,88,795.05,502.4,1
343,21,10485,短笛大魔王手下4,0,0,1,36720,2448,,10482#10483#10482#10484#10485#10482,,…,0,2,40,T160,,,,89,667.9,402.4,0
344,21,10485,短笛大魔王手下5,0,0,1,36720,2448,,10482#10483#10482#10484#10485#10482,,…,0,2,40,T160,,,,89,761.95,373.75,0
345,21,10485,短笛大魔王手下6,0,0,1,36720,2448,,10482#10483#10482#10486#10485#10486,,…,0,2,40,T160,,,,89,862.55,326.8,0
346,21,10487,铃鼓,1,0,1,36720,2448,,10482#10483#10482#10486#10487#10486,,…,0,2,40,T160,,,,89,1001.95,392.75,0
347,21,10489,短笛大魔王手下7,0,0,1,36720,2448,,10488#10489#10488#10486#10489#10486,,…,0,2,40,T160,,,,90,769.9,258.15,0
348,21,10486,短笛大魔王手下8,0,0,1,36720,2448,,10482#10489#10482#10485#10486#10485,,…,0,2,40,T160,,,,90,899.75,222.15,0
349,21,10486,短笛大魔王手下9,0,0,1,36720,2448,,10486#10483#10486#10486#10486#10486,,…,0,2,40,T160,,,,90,832.95,154.15,0
350,21,10490,短笛大魔王,1,0,1,36720,2448,,10482#10489#10482#10486#10490#10486,,…,0,2,40,T160,,,,90,931.4,117.7,0
351,22,10485,短笛大魔王手下10,0,0,1,36720,2448,,10482#10483#10482#10484#10485#10482,,…,0,2,40,T160,,,,91,104.95,533.4,0
352,22,10485,短笛大魔王手下11,0,0,1,36720,2448,,10482#10483#10482#10484#10485#10484,,…,0,2,40,T160,,,,91,280.4,580.3,0
353,22,10485,短笛大魔王手下12,0,0,1,36720,2448,,10483#10483#10483#10484#10485#10484,,…,0,2,40,T160,,,,91,209.95,496.75,0
354,22,10491,大鼓,1,0,1,36720,2448,,10483#10483#10483#10484#10491#10484,,…,0,2,40,T160,,,,91,372.15,488.2,1
355,22,10494,短笛大魔王手下13,0,0,1,37260,2484,,10492#10493#10492#10494#10494#10494,,…,0,2,40,T160,,,,92,570.25,529.05,0
356,22,10494,短笛大魔王手下14,0,0,1,37260,2484,,10492#10493#10492#10494#10494#10494,,…,0,2,40,T160,,,,92,719.9,507.15,0
357,22,10494,短笛大魔王手下15,0,0,1,37260,2484,,10492#10493#10492#10494#10494#10494,,…,0,2,40,T160,,,,92,854.75,507.15,0
358,22,10495,钢琴,1,0,1,37260,2484,,10492#10493#10492#10494#10495#10494,,…,0,2,40,T160,,,,92,971.2,489.15,1
359,22,10494,短笛大魔王手下16,0,0,1,37260,2484,,10496#10496#10496#10497#10494#10497,,…,0,2,40,T160,,,,93,516.2,403.1,0
360,22,10494,短笛大魔王手下17,0,0,1,37260,2484,,10496#10496#10496#10497#10494#10497,,…,0,2,40,T160,,,,93,592.2,350.75,0
361,22,10494,短笛大魔王手下18,0,0,1,37260,2484,,10498#10496#10498#10497#10494#10497,,…,0,2,40,T160,,,,93,671.9,304.8,0
362,22,10499,短笛大魔王,1,0,1,37260,2484,,10498#10496#10498#10497#10499#10497,,…,0,2,40,T160,,,,93,840.1,211.15,0
363,22,10503,天神守卫1,0,0,1,37260,2484,,10500#10501#10500#10502#10503#10502,,…,0,2,40,T160,,,,94,353.9,367.5,0
364,22,10505,天神守卫2,0,0,1,37260,2484,,10502#10500#10503#10504#10505#10501,,…,0,2,40,T160,,,,94,302.6,286.8,0
365,22,10502,天神守卫3,0,0,1,37260,2484,,10500#10500#10500#10504#10502#10504,,…,0,2,40,T160,,,,94,223.7,336.1,0
366,22,10506,波波先生,1,0,1,37260,2484,,10504#10501#10503#10505#10506#10502,,…,0,2,40,T160,,,,94,214.35,242.45,0
367,22,10501,天神守卫4,0,0,1,37260,2484,,10500#10502#10500#10501#10501#10505,,…,0,2,40,T160,,,,95,430.55,275.35,0
368,22,10503,天神守卫5,0,0,1,37260,2484,,10502#10502#10505#10501#10503#10504,,…,0,2,40,T160,,,,95,486.6,158.35,0
369,22,10505,天神守卫6,0,0,1,37260,2484,,10500#10502#10502#10503#10505#10501,,…,0,2,40,T160,,,,95,579.25,90.15,0
370,22,10507,天神,1,0,1,37260,2484,,10500#10500#10500#10503#10507#10505,,…,0,2,40,T160,,,,95,379.2,177.35,0
371,23,10508,武道会选手1,0,0,1,37800,2520,,10508#10509#10508#10510#10508#10510,,…,0,2,40,T160,,,,96,78.9,463.95,0
372,23,10508,武道会选手2,0,0,1,37800,2520,,10511#10509#10511#10510#10508#10508,,…,0,2,40,T160,,,,96,202.55,391.85,0
373,23,10508,武道会选手3,0,0,1,37800,2520,,10511#10508#10511#10510#10508#10510,,…,0,2,40,T160,,,,96,340.2,358.7,0
374,23,10512,柴巴王,1,0,1,37800,2520,,10508#10509#10508#10510#10512#10510,,…,0,6,5,T160,,,,96,270.05,494.95,0
375,23,10508,武道会选手4,0,0,1,37800,2520,,10511#10509#10511#10510#10508#10508,,…,0,2,40,T160,,,,97,504.75,576.35,0
376,23,10508,武道会选手5,0,0,1,37800,2520,,10511#10508#10511#10510#10508#10510,,…,0,2,40,T160,,,,97,622.9,502,0
377,23,10508,武道会选手6,0,0,1,37800,2520,,10508#10509#10508#10510#10508#10510,,…,0,2,40,T160,,,,97,750.4,530,0
378,23,10513,桃白白,1,0,1,37800,2520,,10511#10509#10511#10510#10513#10508,,…,0,6,5,T160,,,,97,667.4,594.45,1
379,23,10508,武道会选手7,0,0,1,37800,2520,,10511#10508#10511#10510#10508#10510,,…,0,2,40,T160,,,,98,247.55,263.05,0
380,23,10508,武道会选手8,0,0,1,37800,2520,,10508#10509#10508#10510#10508#10510,,…,0,2,40,T160,,,,98,393.4,223.15,0
381,23,10508,武道会选手9,0,0,1,37800,2520,,10511#10509#10511#10510#10508#10508,,…,0,2,40,T160,,,,98,534.25,143.5,0
382,23,10514,弥次郎兵卫,1,0,1,37800,2520,,10511#10508#10511#10510#10514#10510,,…,0,2,40,T160,,,,98,388.45,112.05,1
383,23,10518,武道会选手10,0,0,1,38340,2556,,10515#10516#10515#10517#10518#10517,,…,0,2,40,T160,,,,99,522.05,391.85,0
384,23,10518,武道会选手11,0,0,1,38340,2556,,10515#10516#10515#10517#10518#10517,,…,0,2,40,T160,,,,99,490.05,234.15,0
385,23,10518,武道会选手12,0,0,1,38340,2556,,10515#10516#10515#10517#10518#10517,,…,0,2,40,T160,,,,99,733.15,397.7,0
386,23,10519,饺子,1,0,1,38340,2556,,10515#10516#10515#10517#10519#10517,,…,0,6,5,T160,,,,99,681.9,288.2,0
387,23,10518,武道会选手13,0,0,1,38340,2556,,10515#10516#10515#10517#10518#10517,,…,0,2,40,T160,,,,100,854.65,553.45,0
388,23,10518,武道会选手14,0,0,1,38340,2556,,10515#10516#10515#10517#10518#10517,,…,0,2,40,T160,,,,100,882.4,404.3,0
389,23,10518,武道会选手15,0,0,1,38340,2556,,10515#10516#10515#10517#10518#10517,,…,0,2,40,T160,,,,100,1027.4,313.8,0
390,23,10520,琪琪,1,0,1,38340,2556,,10515#10516#10515#10517#10520#10521,,…,0,6,5,T160,,,,100,999.55,473.45,0
391,20,10524,武道会选手16,0,0,1,38880,2592,,10522#10523#10522#10521#10524#10521,,…,0,2,40,T160,,,,101,133.6,508.6,0
392,20,10524,武道会选手17,0,0,1,38880,2592,,10522#10523#10522#10521#10524#10521,,…,0,2,40,T160,,,,101,220.45,564.3,0
393,20,10524,武道会选手18,0,0,1,38880,2592,,10522#10523#10522#10521#10524#10521,,…,0,2,40,T160,,,,101,351.75,583.25,0
394,20,10525,小林,1,0,1,38880,2592,,10522#10523#10522#10521#10525#10521,,…,0,6,5,T160,,,,101,303.3,487.35,0
395,20,10526,武道会选手19,0,0,1,38880,2592,,10526#10523#10526#10521#10526#10521,,…,0,2,40,T160,,,,102,137.9,401.95,0
396,20,10526,武道会选手20,0,0,1,38880,2592,,10522#10523#10522#10521#10526#10526,,…,0,2,40,T160,,,,102,144.25,283.85,0
397,20,10526,武道会选手21,0,0,1,38880,2592,,10522#10526#10522#10521#10526#10521,,…,0,2,40,T160,,,,102,267.8,220.1,0
398,20,10527,乐平,1,0,1,38880,2592,,10522#10523#10522#10521#10527#10521,,…,0,6,5,T160,,,,102,261.6,361.15,0
399,20,10524,武道会选手22,0,0,1,38880,2592,,10522#10523#10522#10521#10524#10521,,…,0,2,40,T160,,,,103,482.55,560.6,0
400,20,10524,武道会选手23,0,0,1,38880,2592,,10522#10523#10522#10521#10524#10521,,…,0,2,40,T160,,,,103,493.2,451.6,0
401,20,10526,武道会选手24,0,0,1,38880,2592,,10526#10523#10526#10521#10526#10521,,…,0,2,40,T160,,,,103,638.2,599.45,0
402,20,10528,沈先生,1,0,1,38880,2592,,10522#10523#10522#10521#10528#10529,,…,0,6,5,T160,,,,103,608.2,481.1,1
403,20,10529,武道会选手25,0,0,1,39420,2628,,10530#10529#10530#10531#10529#10531,,…,0,2,40,T160,,,,104,400.55,234.6,0
404,20,10533,武道会选手26,0,0,1,39420,2628,,10530#10532#10530#10531#10533#10531,,…,0,2,40,T160,,,,104,500.55,159.95,0
405,20,10533,武道会选手27,0,0,1,39420,2628,,10530#10532#10530#10531#10533#10531,,…,0,2,40,T160,,,,104,486.55,315.1,0
406,20,10534,天津饭,1,0,1,39420,2628,,10530#10532#10530#10531#10534#10531,,…,0,6,5,T160,,,,105,585.85,268.45,0
407,20,10529,武道会选手28,0,0,1,39420,2628,,10529#10532#10529#10531#10529#10531,,…,0,2,40,T160,,,,106,748.6,522.35,0
408,20,10529,武道会选手29,0,0,1,39420,2628,,10530#10532#10530#10531#10529#10529,,…,0,2,40,T160,,,,106,910.5,530.1,0
409,20,10529,武道会选手30,0,0,1,39420,2628,,10530#10529#10530#10531#10529#10531,,…,0,2,40,T160,,,,106,807.85,430.1,0
410,20,10535,孙悟空,1,0,1,39420,2628,,10530#10532#10530#10531#10535#10531,,…,0,6,5,T160,,,,106,933.9,431.7,0
411,20,10533,武道会选手31,0,0,1,39420,2628,,10530#10532#10530#10531#10533#10531,,…,0,2,40,T160,,,,107,694.55,209.95,0
412,20,10533,武道会选手32,0,0,1,39420,2628,,10530#10532#10530#10531#10533#10531,,…,0,2,40,T160,,,,107,737.9,304.6,0
413,20,10529,武道会选手33,0,0,1,39420,2628,,10529#10532#10529#10531#10529#10531,,…,0,2,40,T160,,,,107,910.5,315.1,0
414,24,10536,短笛大魔王,1,0,1,39420,2628,,10530#10532#10530#10531#10536#10529,,…,0,2,40,T160,,,,107,841.25,234.95,0
